-BEGIN HEADER-;;;;;;;;;;;
NASA/POWER Source Native Resolution Daily Data ;;;;;;;;;;;
Dates (month/day/year): 01/01/2022 through 02/26/2025 in LST;;;;;;;;;;;
Location: latitude  5.5358   longitude -73.3613 ;;;;;;;;;;;
elevation from MERRA-2: Average for 0.5 x 0.625 degree lat/lon region = 2557.41 meters;;;;;;;;;;;
The value for missing source data that cannot be computed or is outside of the sources availability range: -999 ;;;;;;;;;;;
parameter(s): ;;;;;;;;;;;
T2M                   MERRA-2 Temperature at 2 Meters (C) ;;;;;;;;;;;
T2M_MAX               MERRA-2 Temperature at 2 Meters Maximum (C) ;;;;;;;;;;;
T2M_MIN               MERRA-2 Temperature at 2 Meters Minimum (C) ;;;;;;;;;;;
QV2M                  MERRA-2 Specific Humidity at 2 Meters (g/kg) ;;;;;;;;;;;
RH2M                  MERRA-2 Relative Humidity at 2 Meters (%) ;;;;;;;;;;;
PRECTOTCORR           MERRA-2 Precipitation Corrected (mm/day) ;;;;;;;;;;;
WS2M                  MERRA-2 Wind Speed at 2 Meters (m/s) ;;;;;;;;;;;
WS2M_MAX              MERRA-2 Wind Speed at 2 Meters Maximum (m/s) ;;;;;;;;;;;
WS2M_MIN              MERRA-2 Wind Speed at 2 Meters Minimum (m/s) ;;;;;;;;;;;
ALLSKY_SFC_SW_DWN     CERES SYN1deg All Sky Surface Shortwave Downward Irradiance (MJ/m^2/day) ;;;;;;;;;;;
-END HEADER-;;;;;;;;;;;
YEAR;DOY;T2M;T2M_MAX;T2M_MIN;QV2M;RH2M;PRECTOTCORR;WS2M;WS2M_MAX;WS2M_MIN;ALLSKY_SFC_SW_DWN
2022;1;14.35;19.52;10.67;10.14;76.89;0.0;1.51;2.56;0.42;19.26
2022;2;14.28;21.67;8.85;8.89;69.31;0.01;1.52;3.05;0.35;18.98
2022;3;14.0;21.84;8.39;8.91;70.76;0.02;1.22;2.64;0.47;22.63
2022;4;14.01;21.28;8.22;8.9;70.25;0.0;1.21;2.28;0.49;22.29
2022;5;14.02;21.81;8.18;8.26;66.83;0.0;1.4;2.75;0.38;22.05
2022;6;13.5;19.57;9.15;8.74;69.79;0.04;1.61;2.7;0.59;20.65
2022;7;13.58;19.79;9.14;9.31;74.18;0.01;1.34;2.65;0.31;19.19
2022;8;14.65;22.05;8.67;9.34;70.68;0.07;1.0;2.02;0.05;17.99
2022;9;14.6;20.0;10.64;10.13;75.47;0.05;0.74;1.64;0.08;19.01
2022;10;14.55;19.95;10.3;10.16;75.96;0.01;0.55;0.97;0.15;13.59
2022;11;14.92;21.26;10.32;10.32;75.95;0.23;0.53;1.41;0.13;12.04
2022;12;14.75;20.91;10.61;10.43;77.42;0.12;0.7;1.74;0.22;16.45
2022;13;13.8;19.47;10.52;10.4;81.19;3.91;1.16;2.04;0.44;10.62
2022;14;13.25;17.74;10.65;10.42;83.68;1.47;1.55;3.16;0.43;15.82
2022;15;13.87;20.25;9.15;9.61;75.9;0.05;2.09;3.81;0.64;17.49
2022;16;13.78;19.29;10.14;10.64;83.1;6.0;1.84;3.67;0.61;16.48
2022;17;14.21;19.43;11.43;11.27;85.27;2.26;1.42;3.01;0.4;17.8
2022;18;14.0;19.82;10.77;10.98;84.38;7.58;1.78;3.52;0.5;14.37
2022;19;13.92;20.32;9.9;9.87;77.12;0.26;2.21;3.87;0.96;19.81
2022;20;13.69;19.66;9.7;9.83;77.61;0.0;2.38;3.95;0.59;19.35
2022;21;14.66;20.84;9.59;10.29;76.89;0.04;1.84;3.51;0.24;19.1
2022;22;14.97;21.68;9.9;10.67;78.25;0.84;1.35;2.73;0.21;18.49
2022;23;14.74;20.44;11.5;11.44;83.66;1.93;1.34;2.48;0.24;17.55
2022;24;14.06;19.07;10.85;10.55;80.39;0.33;1.55;2.86;0.42;15.79
2022;25;14.61;20.71;10.49;10.18;75.46;0.06;1.38;2.82;0.4;16.09
2022;26;14.95;20.28;11.47;10.9;78.82;0.01;1.28;2.39;0.44;15.84
2022;27;15.12;22.0;10.42;9.96;72.87;0.02;1.51;2.76;0.41;18.94
2022;28;15.11;23.28;8.43;8.79;66.75;2.35;1.23;2.52;0.36;22.81
2022;29;15.31;22.94;9.22;9.54;70.0;4.56;0.74;1.12;0.24;21.67
2022;30;15.19;21.82;9.94;9.69;70.89;0.42;0.93;1.64;0.47;21.03
2022;31;14.43;20.48;10.58;9.94;74.88;0.18;0.9;1.64;0.47;19.38
2022;32;13.56;19.21;9.83;9.09;72.44;0.02;1.64;2.85;0.42;20.73
2022;33;14.5;22.13;8.39;8.65;67.95;0.0;1.74;3.24;0.39;22.04
2022;34;15.17;22.15;10.07;10.2;74.57;0.0;1.64;3.28;0.4;19.65
2022;35;13.94;17.31;11.81;10.92;83.29;4.27;1.24;2.8;0.27;14.75
2022;36;13.74;18.04;11.49;11.03;85.37;3.74;0.69;1.29;0.22;9.84
2022;37;13.37;18.4;10.32;10.58;84.24;10.01;1.28;2.52;0.09;13.18
2022;38;13.95;19.22;10.49;11.2;85.69;6.51;1.86;3.28;0.58;10.51
2022;39;14.06;18.12;12.08;11.65;88.33;20.11;1.59;3.2;0.45;9.65
2022;40;13.28;17.61;10.14;10.95;87.14;7.07;1.11;2.15;0.37;12.13
2022;41;13.98;19.51;9.85;10.62;81.15;0.57;1.36;2.58;0.36;16.82
2022;42;14.19;20.05;9.92;10.78;81.65;1.79;1.32;3.02;0.43;17.98
2022;43;14.45;20.2;10.76;10.83;80.63;0.23;1.42;2.32;0.5;18.26
2022;44;14.33;19.6;10.71;10.21;76.9;0.0;1.65;2.82;0.52;18.63
2022;45;13.82;19.31;10.44;10.0;77.7;1.26;1.33;2.25;0.44;15.48
2022;46;13.83;19.49;10.6;10.5;81.44;0.31;1.61;3.11;0.44;16.24
2022;47;13.59;18.7;10.68;10.44;82.2;2.85;1.62;2.86;0.47;19.68
2022;48;14.49;20.61;9.78;10.76;80.55;0.16;1.72;2.96;0.56;17.64
2022;49;14.67;20.62;10.46;10.44;76.98;0.29;1.08;2.09;0.35;15.0
2022;50;13.47;17.44;10.92;10.78;84.76;0.88;0.98;1.77;0.37;11.67
2022;51;13.89;19.61;9.49;9.7;75.88;0.09;0.92;1.6;0.52;16.06
2022;52;14.01;19.75;10.02;9.43;73.1;0.02;1.28;2.43;0.25;18.01
2022;53;14.21;20.67;9.09;9.57;73.25;0.0;1.59;3.17;0.32;18.77
2022;54;14.99;22.32;9.56;9.92;73.29;0.02;1.36;2.46;0.27;18.53
2022;55;14.57;20.54;11.7;11.03;81.32;0.05;1.3;2.71;0.3;14.62
2022;56;14.35;20.19;10.52;10.66;80.15;4.5;1.6;3.01;0.43;17.08
2022;57;14.26;19.76;10.97;11.51;86.44;20.13;2.01;3.85;0.46;14.84
2022;58;14.1;18.8;10.85;11.78;88.87;24.99;2.14;3.89;0.61;12.36
2022;59;13.57;18.4;10.25;11.28;88.18;5.39;1.86;3.42;0.57;9.72
2022;60;13.7;18.65;10.22;11.14;86.69;2.48;1.83;3.86;0.45;11.81
2022;61;13.92;18.62;10.7;11.44;87.49;3.24;1.52;2.93;0.44;10.02
2022;62;13.61;16.61;11.11;11.81;91.35;11.02;1.72;2.64;0.48;13.92
2022;63;14.11;20.26;10.51;11.21;84.99;3.9;1.39;2.87;0.36;12.72
2022;64;13.94;18.65;11.5;11.71;89.03;6.74;1.37;3.08;0.33;16.18
2022;65;13.75;17.91;11.09;11.47;88.21;14.02;1.12;2.85;0.26;12.75
2022;66;12.25;16.9;7.17;10.25;86.71;2.3;0.63;1.57;0.21;14.93
2022;67;13.4;17.75;10.61;10.86;85.65;0.22;0.8;1.49;0.4;15.13
2022;68;13.74;18.68;10.39;10.81;83.77;0.03;1.14;2.27;0.33;20.09
2022;69;13.61;17.19;10.74;11.34;88.13;1.0;1.18;2.52;0.29;13.8
2022;70;13.61;17.05;11.3;11.66;90.34;9.21;1.21;2.37;0.09;16.84
2022;71;12.71;15.37;10.44;11.15;91.27;6.84;0.73;1.79;0.14;14.88
2022;72;12.82;16.46;9.42;10.71;87.38;14.25;0.76;1.52;0.36;17.78
2022;73;12.9;16.32;10.7;11.45;92.53;7.37;0.8;1.73;0.2;15.1
2022;74;13.9;19.52;10.0;11.13;85.56;1.34;1.34;2.28;0.5;19.64
2022;75;14.28;19.93;9.92;11.23;84.39;3.24;1.67;3.25;0.55;18.36
2022;76;14.3;19.56;10.84;11.59;86.62;0.97;1.95;3.42;0.71;17.33
2022;77;14.08;19.27;10.07;11.43;86.51;1.44;1.81;3.09;0.55;19.66
2022;78;14.2;19.15;10.15;11.59;87.12;9.38;2.09;3.91;0.52;20.89
2022;79;14.38;19.82;10.58;11.77;87.45;8.75;1.84;3.18;0.7;20.24
2022;80;14.47;19.39;11.37;12.11;88.96;8.44;2.02;3.12;0.73;19.52
2022;81;14.75;19.73;11.35;11.74;85.43;1.53;2.1;3.79;0.86;17.56
2022;82;13.97;19.14;10.95;11.15;85.34;5.76;1.81;3.35;0.64;16.3
2022;83;13.63;18.55;9.98;10.7;83.52;1.08;2.01;3.68;0.69;17.46
2022;84;14.31;19.95;10.33;11.56;85.8;5.32;1.92;3.22;0.81;18.24
2022;85;14.45;19.39;10.68;11.91;87.77;11.01;1.84;3.57;0.6;14.57
2022;86;14.22;18.22;11.36;11.93;88.94;6.99;1.89;3.62;0.39;12.82
2022;87;13.92;17.89;11.16;11.74;89.49;14.81;2.02;3.44;0.84;15.1
2022;88;13.87;18.62;10.39;11.64;89.06;8.23;1.65;3.0;0.53;15.89
2022;89;13.85;19.48;9.42;11.1;85.28;1.03;1.73;3.19;0.48;15.55
2022;90;13.17;18.3;10.04;10.4;83.51;1.24;2.15;3.53;0.68;16.73
2022;91;13.64;18.74;9.16;10.7;83.18;0.2;1.77;3.53;0.44;17.27
2022;92;14.23;18.7;9.92;11.46;85.88;0.39;1.86;3.55;0.58;17.4
2022;93;14.5;19.02;11.14;12.0;88.05;21.79;1.75;3.56;0.37;15.83
2022;94;13.99;17.84;10.52;11.7;88.53;14.94;1.61;2.9;0.25;16.59
2022;95;13.8;18.36;10.18;11.52;88.26;20.94;1.98;3.61;0.21;15.92
2022;96;13.49;18.36;9.63;11.38;88.86;15.84;1.66;3.47;0.25;18.62
2022;97;13.82;18.3;9.96;11.51;88.31;6.25;1.57;3.35;0.41;13.51
2022;98;14.22;18.97;10.27;11.87;88.29;0.95;1.83;3.34;0.24;14.1
2022;99;14.48;19.82;10.5;11.67;86.32;2.82;1.98;3.58;0.6;19.17
2022;100;14.53;19.16;11.09;11.9;87.47;3.66;1.81;3.31;0.6;20.47
2022;101;14.61;18.73;11.2;12.27;89.15;4.99;2.08;3.44;0.81;15.6
2022;102;14.15;18.19;10.49;11.14;84.25;1.08;2.51;4.85;0.86;15.88
2022;103;14.11;18.22;11.68;11.62;87.57;0.62;2.21;3.7;0.86;16.31
2022;104;13.69;18.72;10.23;10.38;81.25;0.33;1.76;3.85;0.4;19.91
2022;105;14.4;19.09;10.83;11.99;88.47;0.74;1.68;3.05;0.29;14.93
2022;106;13.48;17.93;10.96;11.36;88.93;6.76;1.89;3.56;0.39;13.92
2022;107;13.67;17.97;10.21;11.1;85.72;6.33;1.31;3.1;0.16;12.51
2022;108;13.62;17.89;10.45;11.7;90.27;8.38;1.48;2.69;0.38;10.99
2022;109;13.13;17.28;9.86;11.0;88.07;31.21;0.79;1.86;0.26;9.55
2022;110;13.7;17.48;11.58;11.54;89.08;9.98;0.52;0.82;0.24;12.61
2022;111;12.79;15.58;10.97;10.93;89.4;16.68;0.57;1.12;0.13;13.25
2022;112;13.15;18.07;9.73;10.91;87.38;9.05;0.43;0.98;0.14;16.3
2022;113;13.36;17.89;9.42;11.0;86.77;7.3;0.58;1.39;0.2;17.65
2022;114;13.75;16.94;10.9;12.04;92.04;32.75;1.6;2.36;0.45;14.74
2022;115;13.08;16.58;10.94;11.08;88.92;2.95;1.53;2.96;0.34;13.49
2022;116;13.7;18.41;8.78;11.2;85.65;21.82;1.14;2.35;0.15;19.61
2022;117;12.21;15.12;10.21;10.48;88.57;8.09;1.09;2.0;0.4;13.94
2022;118;13.25;17.69;9.61;11.48;90.5;26.31;1.44;2.61;0.3;14.78
2022;119;13.15;17.09;9.7;11.24;89.57;11.26;2.03;3.7;0.63;15.48
2022;120;12.68;16.08;10.56;10.94;90.09;18.31;1.84;3.3;0.26;14.72
2022;121;13.06;17.77;9.15;10.95;88.04;5.1;1.54;2.98;0.38;20.71
2022;122;13.87;18.6;9.37;11.64;88.78;1.68;1.62;3.04;0.36;17.29
2022;123;13.86;18.51;9.57;11.26;86.57;0.13;1.87;3.64;0.54;24.22
2022;124;13.46;17.97;8.71;10.71;84.59;3.48;1.7;3.87;0.55;22.38
2022;125;13.4;17.59;10.51;11.72;92.02;21.43;1.66;3.34;0.41;12.27
2022;126;13.3;16.95;9.85;11.25;88.87;15.72;1.32;2.88;0.25;11.93
2022;127;13.04;17.35;9.2;11.25;90.14;19.62;1.67;2.94;0.51;10.06
2022;128;14.09;18.41;10.96;11.94;89.88;2.32;1.19;1.89;0.46;17.96
2022;129;13.56;17.86;10.23;11.54;89.71;5.25;1.35;2.51;0.27;14.3
2022;130;13.68;17.88;10.14;11.61;89.15;20.47;1.12;2.31;0.23;17.91
2022;131;13.38;16.02;11.35;12.05;94.22;27.23;1.25;2.4;0.28;15.84
2022;132;13.42;17.66;10.23;11.7;91.4;16.07;1.49;2.99;0.21;19.09
2022;133;13.67;17.48;9.86;11.91;91.33;23.97;1.71;3.49;0.29;15.33
2022;134;14.13;18.11;10.75;12.02;89.7;5.17;1.67;3.27;0.43;15.84
2022;135;13.36;16.36;10.75;11.81;92.62;41.39;1.31;2.6;0.26;16.99
2022;136;13.62;18.22;9.98;11.9;91.72;16.87;1.67;3.46;0.29;14.02
2022;137;13.76;17.35;10.56;12.03;92.03;9.06;1.59;3.3;0.41;14.45
2022;138;13.59;17.08;11.03;11.69;90.83;36.85;1.41;2.87;0.4;9.07
2022;139;13.01;16.22;10.4;11.46;92.33;5.58;1.67;3.6;0.43;11.69
2022;140;12.97;17.24;8.27;11.28;90.89;0.08;1.81;3.25;0.33;16.54
2022;141;13.12;17.36;8.43;11.07;88.74;0.42;1.77;3.47;0.61;17.54
2022;142;13.03;17.71;7.93;10.82;87.46;10.69;1.55;3.27;0.47;21.88
2022;143;13.75;18.11;9.74;11.66;89.6;24.49;1.33;2.58;0.6;19.42
2022;144;12.57;16.8;8.73;10.95;90.45;10.44;1.71;3.22;0.58;15.4
2022;145;12.78;16.04;10.19;11.28;92.0;7.06;1.94;3.82;0.73;14.11
2022;146;12.22;15.6;10.19;10.77;91.36;7.58;2.13;3.93;0.56;13.15
2022;147;11.9;15.33;9.19;10.51;91.06;3.31;1.98;3.52;0.72;14.7
2022;148;11.74;14.48;8.78;10.41;90.98;23.32;2.0;3.65;0.77;15.0
2022;149;12.39;16.65;7.74;10.47;87.65;8.75;1.66;3.23;0.51;13.17
2022;150;12.93;16.81;9.36;11.19;90.53;12.55;1.76;3.36;0.62;13.83
2022;151;12.92;16.61;9.92;11.23;90.65;7.92;1.61;3.55;0.29;17.06
2022;152;12.86;17.53;8.96;10.37;85.28;10.07;1.34;2.86;0.35;19.6
2022;153;13.25;18.12;9.9;10.9;87.24;11.46;1.29;2.68;0.45;20.4
2022;154;12.95;16.61;10.04;11.37;91.62;20.21;1.34;2.27;0.37;13.35
2022;155;12.24;15.85;8.42;10.84;91.58;14.94;1.37;2.57;0.45;13.28
2022;156;13.06;16.54;10.03;11.47;91.93;7.02;1.57;3.04;0.6;16.09
2022;157;13.58;17.56;10.03;11.91;92.07;28.0;1.42;2.57;0.61;18.8
2022;158;14.15;18.06;10.93;12.09;90.54;9.49;1.36;2.07;0.65;16.37
2022;159;13.41;17.44;9.9;11.26;88.29;0.53;1.7;2.72;0.68;17.38
2022;160;12.81;17.05;9.49;11.08;89.97;0.12;1.51;3.0;0.43;13.41
2022;161;13.43;17.03;9.67;11.64;90.88;20.87;1.84;3.21;0.54;20.76
2022;162;12.76;16.3;9.14;10.95;89.43;6.56;1.79;3.25;0.16;16.15
2022;163;12.14;16.03;9.0;10.64;90.72;7.48;1.67;3.33;0.43;14.47
2022;164;12.11;15.19;8.81;10.82;92.13;17.14;1.9;3.13;0.49;14.41
2022;165;12.42;16.53;8.89;10.87;90.8;2.46;1.46;2.83;0.25;15.63
2022;166;12.43;16.5;7.75;10.63;88.79;3.36;1.46;3.16;0.32;17.9
2022;167;13.15;17.34;9.22;11.34;90.27;0.73;1.48;3.13;0.39;16.88
2022;168;13.18;16.85;10.42;11.58;91.96;3.58;1.26;2.39;0.58;11.45
2022;169;12.45;15.66;9.76;11.23;93.3;10.52;1.92;3.8;0.42;13.72
2022;170;12.17;15.83;9.36;10.6;89.94;8.49;1.76;3.44;0.43;14.34
2022;171;11.82;16.0;8.17;10.36;89.88;8.46;1.7;3.25;0.34;15.16
2022;172;12.15;15.94;8.19;10.69;90.87;17.72;1.69;3.25;0.53;15.65
2022;173;12.27;16.08;8.59;10.7;90.3;8.33;1.79;3.65;0.56;19.53
2022;174;12.85;16.81;9.44;11.2;90.89;5.11;1.77;3.6;0.63;14.85
2022;175;12.81;16.43;10.04;11.2;91.38;2.25;1.87;3.48;0.73;13.55
2022;176;12.33;16.43;9.45;10.34;87.18;3.85;1.68;3.08;0.3;16.57
2022;177;11.46;14.62;8.41;10.2;90.94;7.75;1.26;2.58;0.34;12.32
2022;178;12.77;16.63;9.39;10.8;88.26;7.58;1.07;2.07;0.15;16.97
2022;179;12.86;16.83;10.18;11.11;90.44;6.09;1.42;2.85;0.23;17.42
2022;180;12.62;16.59;8.72;10.96;90.4;3.68;1.6;3.39;0.28;13.17
2022;181;12.34;16.17;9.56;10.81;90.79;7.68;1.31;2.41;0.4;14.85
2022;182;12.66;16.58;9.07;10.88;89.45;5.31;1.42;2.87;0.22;18.56
2022;183;13.13;16.71;9.97;11.55;92.07;9.02;1.77;3.12;0.44;16.0
2022;184;12.97;15.99;10.55;11.38;91.93;5.67;2.44;4.39;0.95;15.84
2022;185;12.0;16.28;7.39;10.53;90.29;2.55;1.96;3.91;0.53;14.74
2022;186;12.34;16.85;7.81;10.66;89.78;3.49;1.5;2.91;0.46;18.22
2022;187;12.62;17.09;8.52;10.76;88.77;1.53;1.6;3.27;0.26;18.1
2022;188;12.53;16.78;9.52;10.96;90.97;17.46;1.96;3.75;0.73;16.42
2022;189;11.79;15.31;8.97;10.59;92.11;34.01;2.05;3.84;0.85;9.81
2022;190;12.15;15.87;8.9;10.84;92.27;18.75;1.57;3.53;0.34;16.54
2022;191;12.83;16.69;8.5;11.27;91.62;21.05;1.73;3.42;0.42;16.32
2022;192;12.45;16.15;9.89;10.89;90.98;9.63;1.75;3.59;0.47;11.34
2022;193;12.22;16.2;8.82;10.34;87.64;4.23;1.59;3.2;0.47;17.11
2022;194;12.78;16.85;9.54;10.87;88.99;4.9;1.71;3.33;0.58;18.01
2022;195;13.31;17.77;8.41;11.23;88.62;3.3;1.41;2.98;0.47;21.92
2022;196;13.45;18.24;8.68;10.75;84.88;2.06;1.22;2.36;0.49;20.16
2022;197;12.41;16.33;9.18;10.67;89.27;3.16;1.39;3.14;0.39;20.34
2022;198;12.01;15.78;9.26;10.58;90.62;8.65;1.98;3.82;0.59;15.48
2022;199;11.36;15.23;8.05;9.99;89.31;3.39;1.77;3.35;0.62;14.02
2022;200;11.9;15.8;8.27;10.4;89.8;15.26;1.5;3.16;0.32;16.81
2022;201;12.12;15.75;8.95;10.51;89.7;2.76;1.53;3.19;0.33;15.67
2022;202;12.34;16.91;8.33;10.83;90.88;0.99;1.84;4.0;0.41;13.35
2022;203;13.09;17.61;8.73;11.15;89.23;3.73;1.5;2.92;0.5;16.59
2022;204;13.17;17.25;8.84;11.31;90.12;4.89;1.51;3.03;0.49;16.9
2022;205;12.45;16.83;9.65;10.49;88.08;7.86;1.53;3.1;0.32;18.09
2022;206;12.54;16.79;8.22;10.79;89.3;2.44;1.61;3.38;0.35;13.34
2022;207;13.09;16.68;9.86;11.22;89.95;6.49;1.6;2.76;0.44;14.46
2022;208;12.49;15.85;9.3;10.98;91.17;43.34;1.61;2.98;0.5;15.08
2022;209;12.88;17.55;9.04;10.59;86.8;4.91;1.35;2.56;0.32;16.1
2022;210;12.46;16.53;8.49;10.59;88.31;7.86;1.52;3.09;0.25;17.66
2022;211;13.05;17.04;9.13;11.28;90.56;23.04;1.81;3.32;0.6;19.5
2022;212;12.97;16.56;9.7;11.24;90.78;10.02;1.79;3.36;0.52;15.86
2022;213;12.77;16.65;9.94;11.17;91.23;3.24;1.66;3.24;0.41;14.1
2022;214;12.04;15.75;9.31;10.61;90.68;9.08;1.79;3.61;0.53;11.99
2022;215;11.9;15.47;9.07;10.63;91.58;22.12;1.74;3.6;0.44;15.25
2022;216;12.26;16.4;8.75;10.59;89.26;7.72;1.63;3.32;0.54;16.39
2022;217;12.02;16.57;7.26;10.47;89.36;33.28;1.65;3.19;0.67;15.66
2022;218;11.92;16.35;8.94;10.23;88.62;4.87;1.59;3.34;0.38;13.78
2022;219;12.06;16.94;7.47;10.01;84.74;0.11;1.76;3.68;0.47;18.0
2022;220;12.17;17.14;6.94;10.81;90.87;5.0;1.99;4.11;0.55;21.95
2022;221;12.0;15.94;8.45;10.38;88.8;2.43;1.77;3.78;0.38;12.56
2022;222;11.76;15.83;8.7;10.19;88.76;10.57;1.79;4.08;0.39;12.95
2022;223;12.36;17.18;8.07;10.52;88.46;1.63;1.65;3.15;0.53;17.47
2022;224;13.09;17.12;9.51;11.36;91.09;33.96;1.43;2.94;0.44;16.84
2022;225;12.83;16.63;9.69;10.95;89.45;11.24;1.13;2.1;0.23;14.8
2022;226;12.13;15.56;9.15;10.7;91.17;23.76;1.59;3.28;0.34;12.06
2022;227;11.99;16.45;6.91;10.1;87.11;14.17;1.51;3.07;0.46;14.65
2022;228;12.71;17.21;8.51;10.61;87.66;6.55;1.28;2.73;0.26;17.14
2022;229;13.09;17.59;8.84;11.0;88.34;0.03;1.61;3.18;0.41;23.49
2022;230;13.28;18.77;8.86;10.68;85.17;0.0;1.55;3.26;0.37;25.36
2022;231;12.73;16.58;8.66;10.7;87.26;19.55;1.84;3.5;0.44;22.86
2022;232;11.82;14.68;9.37;10.47;91.11;11.59;1.9;4.13;0.62;13.09
2022;233;12.01;16.09;8.59;10.62;91.07;3.79;1.68;3.56;0.39;14.14
2022;234;11.64;15.5;8.66;10.24;90.21;3.22;1.54;3.43;0.34;11.37
2022;235;11.72;17.11;7.08;9.56;84.3;0.16;1.47;2.76;0.41;20.18
2022;236;11.65;16.05;7.58;9.84;86.83;0.09;1.68;3.32;0.37;18.19
2022;237;12.62;17.1;8.27;10.62;88.18;0.02;1.53;3.16;0.26;14.89
2022;238;12.5;16.78;8.19;10.66;88.63;1.04;1.44;3.07;0.26;14.16
2022;239;12.25;16.54;9.0;10.56;89.31;13.24;1.63;3.01;0.41;15.75
2022;240;11.31;15.52;8.15;9.58;86.41;6.66;1.82;3.86;0.38;15.18
2022;241;11.29;14.99;8.55;10.21;91.94;11.53;2.15;4.21;0.79;10.92
2022;242;12.15;16.75;7.8;10.45;89.06;8.36;1.59;3.55;0.31;18.22
2022;243;13.08;17.41;8.82;11.18;89.28;5.66;1.44;2.8;0.28;15.18
2022;244;13.56;17.37;10.23;11.61;89.9;8.56;1.18;2.23;0.14;15.19
2022;245;13.69;18.28;10.4;11.68;89.62;4.89;1.53;2.88;0.2;16.14
2022;246;12.54;15.83;10.35;11.27;93.09;18.94;2.23;4.83;0.44;15.8
2022;247;12.05;15.73;8.52;10.5;89.99;3.5;1.83;3.31;0.62;12.02
2022;248;12.11;16.13;8.62;10.41;89.26;0.4;1.75;3.52;0.59;13.68
2022;249;12.26;16.13;8.44;10.61;89.75;0.1;1.67;3.58;0.32;14.73
2022;250;13.22;17.76;9.64;11.29;89.5;1.09;1.57;3.4;0.36;14.77
2022;251;13.17;17.69;9.37;11.01;87.69;12.05;1.42;2.89;0.08;18.89
2022;252;13.29;17.59;9.58;11.31;89.58;2.0;1.88;3.7;0.38;15.91
2022;253;13.09;16.92;10.29;11.41;91.37;10.32;2.21;4.2;0.7;16.03
2022;254;12.97;17.43;8.61;10.85;87.12;2.59;1.62;3.4;0.5;19.62
2022;255;13.62;17.72;9.64;11.33;88.01;16.71;1.63;2.85;0.28;16.23
2022;256;12.72;17.54;9.53;10.03;83.36;10.26;1.71;3.91;0.3;18.8
2022;257;12.54;17.04;8.77;10.45;86.88;3.15;1.56;3.23;0.37;17.32
2022;258;13.55;17.15;10.47;11.54;89.73;12.76;1.63;3.12;0.34;18.14
2022;259;13.29;17.35;9.93;11.5;90.92;16.75;1.84;3.66;0.42;13.12
2022;260;13.17;17.04;9.71;10.91;87.44;1.35;1.59;3.83;0.22;19.46
2022;261;13.42;17.62;9.59;11.33;88.88;3.82;1.4;3.03;0.21;17.88
2022;262;12.95;18.12;8.47;10.63;85.92;3.35;1.27;2.72;0.17;15.89
2022;263;13.77;18.08;9.83;11.27;86.34;4.21;1.14;2.45;0.09;18.94
2022;264;13.1;16.84;10.75;11.27;90.42;8.05;1.16;2.25;0.11;14.72
2022;265;13.1;17.38;9.82;10.59;85.02;4.58;0.89;1.95;0.05;14.31
2022;266;13.5;18.32;10.34;10.74;84.47;5.07;1.31;2.85;0.18;17.97
2022;267;12.81;17.23;9.39;10.85;88.7;12.7;1.54;3.18;0.3;18.44
2022;268;13.23;18.16;9.19;10.79;86.09;0.1;1.55;3.24;0.25;17.75
2022;269;12.91;17.65;9.6;10.6;86.43;7.01;1.65;3.71;0.24;21.28
2022;270;12.96;17.91;8.25;10.63;86.36;0.79;1.45;2.81;0.46;19.4
2022;271;13.37;17.83;9.65;10.71;85.19;2.59;1.51;2.98;0.38;14.26
2022;272;13.35;17.77;9.3;10.76;85.04;0.89;1.35;3.33;0.1;18.48
2022;273;12.17;15.85;8.44;10.61;90.24;32.56;1.8;3.22;0.59;13.3
2022;274;11.16;15.58;8.42;9.72;88.62;3.7;2.03;3.54;0.8;11.96
2022;275;11.42;15.99;7.6;9.87;88.58;0.33;1.61;3.63;0.25;16.7
2022;276;12.49;17.5;7.5;10.56;88.02;2.2;1.4;2.91;0.39;18.36
2022;277;13.45;17.38;10.01;11.47;89.94;2.3;1.39;2.62;0.39;15.79
2022;278;14.35;18.82;11.12;11.93;88.26;20.85;1.05;1.96;0.36;17.58
2022;279;14.24;18.89;11.71;11.75;87.54;8.88;1.13;2.02;0.35;17.41
2022;280;12.38;16.57;9.3;10.6;88.73;9.81;1.73;3.37;0.42;17.83
2022;281;12.15;16.85;7.81;10.13;86.22;12.41;1.42;3.14;0.34;15.66
2022;282;12.92;17.14;9.1;10.87;87.83;11.94;1.85;3.57;0.26;15.74
2022;283;12.36;16.8;9.49;10.1;85.69;0.13;1.88;3.99;0.43;19.86
2022;284;12.05;16.17;7.08;10.27;88.19;0.21;1.68;3.43;0.42;14.06
2022;285;13.23;17.78;8.99;10.7;85.87;1.9;1.41;2.98;0.29;15.07
2022;286;13.2;17.01;10.05;11.44;90.15;6.35;1.23;2.31;0.15;16.99
2022;287;14.02;18.65;10.46;11.7;88.24;0.56;1.43;2.5;0.41;17.72
2022;288;13.96;18.4;9.5;11.85;89.65;6.28;1.95;3.19;0.57;16.65
2022;289;14.0;18.05;11.23;12.17;91.82;9.37;1.82;3.1;0.43;18.27
2022;290;13.52;17.21;10.94;11.21;87.16;9.81;0.85;1.85;0.02;17.53
2022;291;14.0;17.74;10.57;11.97;90.04;7.02;1.08;2.16;0.14;15.66
2022;292;13.86;16.7;11.69;12.16;92.44;17.49;1.28;2.19;0.37;17.41
2022;293;13.59;17.22;10.63;11.75;90.92;6.63;1.2;2.46;0.35;10.89
2022;294;13.23;16.08;10.88;11.67;92.2;21.46;0.76;1.64;0.22;16.17
2022;295;13.88;17.43;11.88;12.42;93.93;17.42;1.32;2.72;0.26;18.04
2022;296;13.88;16.99;11.34;12.3;93.15;27.39;1.7;2.74;0.41;14.67
2022;297;13.47;16.72;10.57;11.7;91.27;5.2;1.5;2.65;0.39;15.68
2022;298;13.19;16.27;10.56;11.19;88.86;7.14;0.49;1.11;0.09;18.96
2022;299;13.09;16.35;10.38;11.39;90.49;23.54;0.66;1.6;0.09;13.72
2022;300;14.08;19.67;8.51;11.52;86.39;2.17;0.56;0.85;0.25;14.59
2022;301;13.54;16.62;10.62;11.89;91.81;12.89;0.77;1.79;0.09;13.35
2022;302;13.39;18.07;9.96;10.85;85.83;14.88;0.82;1.51;0.4;17.03
2022;303;13.45;19.34;8.38;10.74;84.14;0.2;0.47;1.14;0.04;23.38
2022;304;14.25;19.0;10.54;12.03;89.28;0.02;1.27;2.11;0.34;23.1
2022;305;13.97;17.98;10.68;11.86;89.7;5.93;1.6;3.04;0.54;19.4
2022;306;12.79;16.71;10.42;11.29;92.2;24.73;2.08;3.54;1.09;10.24
2022;307;12.7;16.8;9.32;11.26;92.14;15.06;1.49;2.92;0.41;15.02
2022;308;12.91;16.82;9.73;11.16;90.15;1.75;1.25;2.8;0.33;17.29
2022;309;13.16;16.02;11.14;11.74;93.17;1.49;0.84;1.7;0.11;14.43
2022;310;13.24;17.62;9.42;11.24;88.94;5.65;0.48;0.81;0.27;16.57
2022;311;13.64;18.21;9.98;11.63;89.86;5.39;1.04;2.05;0.38;15.51
2022;312;12.69;17.07;9.0;10.7;87.62;7.34;0.9;1.86;0.2;17.65
2022;313;13.47;16.36;11.78;11.88;92.51;8.14;0.83;1.71;0.26;15.02
2022;314;13.33;17.43;10.5;11.41;90.02;7.08;0.37;0.8;0.04;15.58
2022;315;13.46;17.68;10.03;11.53;89.96;4.99;0.89;1.64;0.11;15.85
2022;316;13.19;16.73;10.77;11.66;92.4;7.21;0.77;1.41;0.09;16.47
2022;317;13.83;17.65;11.48;11.76;89.64;1.49;1.02;2.0;0.11;17.7
2022;318;13.29;17.9;9.31;11.32;89.23;2.14;1.0;2.22;0.38;16.06
2022;319;14.05;18.0;10.96;12.17;91.45;0.96;1.85;2.75;0.68;17.05
2022;320;14.0;18.29;10.73;11.88;89.72;2.0;1.67;2.67;0.56;16.21
2022;321;13.68;17.07;11.54;11.97;92.19;5.75;1.35;2.12;0.51;14.78
2022;322;13.39;16.53;11.29;11.86;92.87;5.72;1.47;2.47;0.35;10.61
2022;323;13.66;18.08;9.99;11.66;89.65;4.03;1.12;2.46;0.08;17.06
2022;324;14.31;18.87;9.9;12.34;90.83;3.09;1.34;2.45;0.4;16.47
2022;325;14.76;18.63;12.46;12.54;90.0;1.68;0.48;0.8;0.16;15.05
2022;326;13.55;16.29;11.55;11.99;92.73;1.51;0.8;1.88;0.35;19.89
2022;327;13.17;16.43;10.76;11.45;90.91;6.93;0.74;1.47;0.16;19.37
2022;328;13.19;16.01;10.96;11.87;93.86;7.28;1.08;1.98;0.41;17.56
2022;329;13.47;17.61;10.65;11.55;90.25;1.29;1.13;2.53;0.37;15.51
2022;330;13.29;16.13;11.0;11.96;94.0;15.94;0.79;1.25;0.5;12.29
2022;331;12.84;17.26;8.82;11.21;90.66;6.95;1.36;2.67;0.38;13.01
2022;332;13.22;16.71;10.74;11.59;91.6;6.0;0.74;1.43;0.09;12.58
2022;333;13.2;16.63;10.96;11.72;92.63;9.21;0.67;1.52;0.1;15.19
2022;334;12.9;17.12;8.86;11.18;90.25;2.97;0.81;1.35;0.37;17.67
2022;335;13.38;19.1;8.23;11.08;87.05;2.0;0.52;1.29;0.11;20.91
2022;336;13.6;17.43;10.77;11.49;89.21;0.82;0.66;1.28;0.09;20.52
2022;337;13.54;18.63;8.86;10.53;82.16;0.08;0.97;2.01;0.21;15.3
2022;338;12.53;15.94;9.58;10.83;89.75;16.1;0.66;1.16;0.38;15.87
2022;339;12.98;18.4;7.37;10.12;82.08;8.03;0.66;1.17;0.14;12.28
2022;340;13.24;17.75;9.99;11.26;89.25;15.85;0.95;1.35;0.4;16.24
2022;341;12.28;16.58;8.73;10.64;89.54;1.04;1.13;2.18;0.24;14.59
2022;342;12.83;17.04;9.7;10.65;86.72;0.07;1.22;2.2;0.38;15.34
2022;343;12.81;17.25;8.81;10.76;87.95;0.0;1.46;3.05;0.46;16.63
2022;344;13.09;17.49;8.71;11.23;89.49;0.0;1.38;2.55;0.46;16.66
2022;345;13.22;16.55;10.73;11.56;91.7;4.92;1.4;2.59;0.35;15.56
2022;346;13.43;17.39;10.4;11.45;89.8;4.5;1.28;2.38;0.44;16.37
2022;347;12.8;16.54;9.89;11.19;91.23;8.55;1.73;2.89;0.88;14.71
2022;348;12.86;16.75;10.12;11.12;90.52;1.44;1.94;3.54;0.86;14.11
2022;349;13.33;17.9;9.7;11.35;89.34;0.02;1.69;3.17;0.66;18.77
2022;350;12.8;18.26;7.78;10.8;87.85;0.0;1.32;2.44;0.59;20.65
2022;351;12.71;17.85;8.54;10.84;88.87;0.0;1.61;3.08;0.49;19.0
2022;352;12.16;17.63;7.9;9.91;85.19;1.5;1.29;2.48;0.34;16.58
2022;353;12.23;17.88;6.16;10.31;86.43;0.13;1.58;2.92;0.48;21.85
2022;354;12.07;16.83;8.69;9.99;86.46;0.0;1.57;2.77;0.43;20.31
2022;355;12.45;18.81;6.44;9.98;84.27;0.26;1.24;2.14;0.43;18.3
2022;356;13.27;18.63;8.54;11.06;87.81;0.27;1.45;2.47;0.63;19.93
2022;357;13.02;18.33;8.69;10.68;86.66;0.03;1.36;2.46;0.56;21.14
2022;358;12.07;18.39;6.47;8.99;79.3;0.0;1.2;2.55;0.35;21.68
2022;359;11.38;18.43;5.0;8.1;74.59;0.03;1.29;2.39;0.47;23.21
2022;360;10.98;17.27;5.1;8.6;80.87;0.01;1.53;3.19;0.43;21.78
2022;361;12.64;18.73;6.55;10.13;84.14;0.0;1.09;1.9;0.53;23.2
2022;362;13.58;17.96;10.27;11.6;90.18;5.86;1.28;2.54;0.54;18.39
2022;363;13.47;18.55;10.75;11.42;89.55;2.58;1.03;1.95;0.42;16.23
2022;364;13.36;18.08;10.21;11.08;87.58;0.15;1.31;2.44;0.47;20.11
2022;365;13.21;17.84;9.63;10.9;87.25;8.47;1.23;2.56;0.48;16.64
2023;1;13.69;18.04;10.85;11.62;89.75;10.38;1.32;2.58;0.46;15.66
2023;2;13.39;17.26;11.19;11.61;91.24;16.94;0.87;1.62;0.33;16.31
2023;3;11.44;15.83;7.53;10.09;89.76;8.96;0.58;0.83;0.11;13.2
2023;4;13.14;18.14;9.27;10.79;86.48;4.27;0.64;1.38;0.08;16.19
2023;5;12.63;17.21;9.94;10.77;89.19;0.49;1.42;2.66;0.41;13.31
2023;6;12.75;17.43;9.25;10.49;86.11;1.77;1.39;2.47;0.61;12.82
2023;7;12.97;17.09;9.7;11.24;90.74;2.96;1.3;2.34;0.51;12.12
2023;8;12.39;15.69;10.3;11.04;92.59;1.69;1.65;3.23;0.45;10.18
2023;9;12.44;16.85;8.68;10.61;89.09;9.51;1.2;2.52;0.26;12.9
2023;10;13.08;17.17;9.91;11.41;91.47;16.84;1.39;2.46;0.54;12.44
2023;11;13.24;17.04;10.67;11.4;90.64;36.92;1.67;3.03;0.77;15.14
2023;12;12.17;15.89;9.33;10.58;90.24;6.88;1.76;3.68;0.62;12.19
2023;13;12.95;17.4;9.1;11.09;89.85;7.1;1.41;3.08;0.54;16.53
2023;14;13.03;17.31;9.47;11.37;91.2;14.29;1.0;1.62;0.35;18.15
2023;15;13.19;17.45;9.79;11.1;88.77;12.45;1.24;2.43;0.61;19.47
2023;16;12.74;16.68;9.2;10.85;89.01;5.64;1.2;2.35;0.45;18.63
2023;17;11.78;14.78;9.53;10.43;91.1;2.42;1.24;2.27;0.48;14.84
2023;18;12.4;16.6;9.27;10.81;90.69;2.13;1.28;2.32;0.49;16.54
2023;19;12.49;16.54;9.99;10.69;89.17;4.97;1.27;2.13;0.55;17.67
2023;20;12.11;16.87;8.38;10.26;87.51;2.47;1.36;2.6;0.38;15.29
2023;21;11.79;16.54;8.62;9.97;87.18;4.5;1.71;2.7;0.73;17.86
2023;22;11.84;16.36;8.8;10.21;88.79;0.77;2.03;3.53;0.69;15.15
2023;23;11.73;15.46;9.21;10.36;90.53;0.0;2.14;3.59;0.99;12.91
2023;24;12.22;16.62;8.96;10.28;87.0;0.0;2.09;3.69;0.79;16.89
2023;25;12.47;18.36;8.72;10.27;86.37;0.0;1.55;2.63;0.49;20.91
2023;26;11.08;17.34;5.75;8.15;75.76;0.0;1.52;3.14;0.39;26.3
2023;27;10.95;18.03;5.59;8.35;79.19;0.0;1.34;2.58;0.37;25.95
2023;28;10.57;17.96;4.41;7.83;74.7;0.0;1.66;2.96;0.63;25.3
2023;29;10.49;17.93;4.29;7.72;75.54;0.0;1.48;2.97;0.42;26.25
2023;30;12.24;19.3;6.36;9.3;79.42;0.0;1.1;1.97;0.48;22.77
2023;31;12.73;18.68;8.68;9.5;79.77;0.0;1.41;2.66;0.51;23.28
2023;32;11.55;18.47;5.18;8.42;76.48;0.01;1.61;2.82;0.77;23.9
2023;33;11.73;18.36;6.33;9.01;80.23;0.0;1.78;3.09;0.81;23.91
2023;34;12.0;18.43;5.63;8.84;78.5;0.0;1.5;2.64;0.49;24.26
2023;35;12.52;18.07;8.77;9.77;82.93;0.0;1.86;3.27;0.49;21.16
2023;36;12.18;17.2;8.05;10.22;87.26;0.19;2.1;3.99;0.63;18.17
2023;37;12.62;17.92;8.74;10.23;85.21;0.01;2.02;3.63;0.56;17.05
2023;38;13.05;18.49;8.81;10.32;83.57;0.09;2.04;3.39;0.89;19.43
2023;39;13.25;18.49;9.59;10.51;84.37;0.08;1.95;3.41;0.85;21.37
2023;40;13.4;18.08;9.91;11.04;87.23;0.02;1.75;2.87;0.82;17.79
2023;41;13.6;18.66;9.86;11.08;86.36;0.0;2.02;3.22;0.93;21.63
2023;42;13.3;17.92;10.23;11.21;88.61;0.0;1.77;3.16;0.71;18.46
2023;43;13.24;17.66;9.89;11.08;87.99;6.47;1.72;3.3;0.62;15.86
2023;44;13.62;18.81;9.99;11.26;87.64;1.47;1.72;3.11;0.6;15.6
2023;45;13.86;17.89;10.25;11.71;89.5;5.93;1.81;3.3;0.58;16.53
2023;46;14.11;17.82;11.54;11.78;88.71;3.43;2.14;3.66;0.92;14.99
2023;47;13.88;17.16;11.8;12.06;91.64;14.25;1.99;3.46;0.81;11.92
2023;48;13.87;19.37;10.35;11.19;85.98;0.46;1.07;1.87;0.58;18.19
2023;49;12.94;17.87;9.39;10.21;83.25;0.09;1.33;2.01;0.62;16.67
2023;50;12.9;19.17;7.9;8.89;74.42;0.0;1.55;2.52;0.55;23.01
2023;51;12.9;18.42;8.65;10.01;82.16;0.0;1.44;2.26;0.51;18.96
2023;52;12.71;17.3;9.43;10.48;86.26;2.48;1.11;1.9;0.41;14.4
2023;53;12.54;17.29;9.67;9.91;83.12;0.26;1.19;2.05;0.41;13.09
2023;54;12.61;18.85;7.89;9.65;81.08;0.0;1.63;2.97;0.42;21.71
2023;55;13.06;19.55;7.68;9.54;78.68;0.0;1.61;2.97;0.41;22.74
2023;56;13.14;19.44;7.64;9.88;80.59;0.0;1.59;2.8;0.56;24.77
2023;57;13.25;18.48;8.8;10.56;84.64;0.0;1.45;2.65;0.53;22.82
2023;58;13.15;18.31;9.67;10.62;85.51;2.62;1.79;3.27;0.54;19.76
2023;59;13.49;17.41;9.6;11.67;91.07;6.94;1.77;3.75;0.5;19.01
2023;60;14.05;18.14;11.29;12.05;90.86;2.33;1.72;3.56;0.64;14.56
2023;61;14.59;19.24;11.06;11.69;85.95;0.41;2.02;3.7;0.69;13.15
2023;62;14.32;19.19;10.74;11.9;88.36;2.12;2.23;4.17;0.63;16.08
2023;63;13.99;18.58;11.07;11.87;89.81;3.81;2.18;3.94;0.84;12.31
2023;64;13.59;17.7;10.83;11.7;90.92;1.6;1.77;3.53;0.49;12.72
2023;65;14.05;19.15;10.49;11.76;88.96;3.29;1.6;2.83;0.53;19.16
2023;66;14.19;18.72;10.68;11.87;88.92;4.42;1.39;2.44;0.56;13.81
2023;67;13.79;16.27;12.19;12.19;93.08;3.75;1.06;2.17;0.34;11.3
2023;68;13.35;15.69;11.79;11.79;92.48;16.03;0.71;1.6;0.13;7.52
2023;69;12.52;15.57;9.35;10.79;89.49;12.43;0.73;1.46;0.12;14.66
2023;70;12.74;15.12;10.83;11.39;93.08;30.97;1.04;1.96;0.2;7.92
2023;71;13.08;16.43;10.61;11.42;91.49;20.7;1.24;2.69;0.28;11.5
2023;72;13.55;18.31;9.58;11.24;87.81;19.31;1.6;3.06;0.31;11.53
2023;73;13.38;18.46;10.2;10.94;86.62;6.89;1.36;2.42;0.62;15.95
2023;74;13.31;18.79;8.84;10.64;84.97;4.16;1.19;2.04;0.58;15.56
2023;75;12.65;17.49;9.57;10.0;82.83;2.59;0.96;1.74;0.52;17.5
2023;76;13.71;19.28;9.09;10.55;81.17;2.61;1.05;1.63;0.65;16.97
2023;77;13.52;18.44;10.03;11.15;87.35;5.1;1.17;2.21;0.44;18.02
2023;78;13.67;19.16;9.32;10.59;82.62;0.36;0.76;1.29;0.25;18.39
2023;79;13.84;19.76;9.7;10.23;79.66;0.21;0.98;1.84;0.43;20.74
2023;80;13.54;18.82;8.61;10.44;81.9;0.71;1.14;1.81;0.6;21.26
2023;81;13.36;18.57;9.3;10.79;85.59;0.16;1.54;2.47;0.63;18.1
2023;82;13.66;18.77;9.89;11.02;85.59;0.0;1.24;2.14;0.62;15.62
2023;83;13.52;18.21;10.52;10.89;85.18;0.15;1.41;2.25;0.61;18.9
2023;84;12.63;17.17;9.98;10.17;84.35;0.09;1.51;2.65;0.65;14.59
2023;85;13.09;18.11;9.34;11.09;88.84;0.96;1.9;3.62;0.64;17.27
2023;86;12.99;16.65;10.89;10.73;86.96;4.44;1.92;3.58;0.8;17.53
2023;87;13.21;17.6;10.17;11.01;87.69;1.59;1.48;2.87;0.33;16.81
2023;88;12.6;15.84;10.57;10.89;89.92;0.18;1.31;3.36;0.2;11.09
2023;89;13.41;18.64;9.57;11.17;87.89;0.07;1.77;3.2;0.64;15.13
2023;90;13.97;18.68;9.98;11.28;85.76;1.2;1.87;3.47;0.62;15.03
2023;91;13.9;16.69;12.09;12.19;92.45;22.75;2.01;3.35;0.68;15.13
2023;92;13.62;17.8;10.85;11.53;89.57;10.79;1.99;3.56;0.76;13.26
2023;93;13.99;19.21;9.67;11.38;86.53;0.47;1.98;3.77;0.78;18.66
2023;94;13.86;18.46;10.56;11.33;86.76;1.48;1.69;3.27;0.77;16.41
2023;95;13.58;17.77;10.57;11.6;89.7;2.56;1.43;2.7;0.6;15.2
2023;96;13.39;17.21;10.42;11.34;89.03;17.24;1.08;2.07;0.27;12.86
2023;97;13.64;17.74;11.3;11.7;90.33;9.08;1.08;2.15;0.28;12.23
2023;98;12.89;15.76;10.56;11.06;89.72;4.32;1.01;2.43;0.2;13.43
2023;99;13.44;18.36;9.26;11.31;88.88;1.82;1.82;3.34;0.43;14.93
2023;100;12.01;14.83;9.85;10.45;90.01;2.75;1.42;2.58;0.28;16.24
2023;101;13.66;18.51;9.42;11.47;88.38;5.57;1.66;3.0;0.15;16.91
2023;102;13.58;18.01;9.75;11.16;87.02;0.9;1.71;3.73;0.36;14.61
2023;103;14.17;18.63;9.84;11.4;85.65;0.0;1.57;3.42;0.3;16.87
2023;104;14.18;18.63;10.94;11.73;87.82;0.0;1.77;3.49;0.64;18.48
2023;105;14.44;18.73;10.37;11.9;87.59;11.49;1.79;3.46;0.59;15.55
2023;106;13.95;18.19;11.28;11.99;90.91;28.46;1.31;2.57;0.5;12.14
2023;107;13.95;18.33;10.51;11.25;85.27;19.12;1.01;2.27;0.08;14.23
2023;108;14.27;18.07;11.69;11.53;85.45;3.87;0.52;1.11;0.08;13.49
2023;109;14.13;17.14;11.01;12.34;91.99;0.11;1.39;2.98;0.17;19.05
2023;110;14.14;18.27;10.77;11.94;89.34;1.67;1.79;3.7;0.34;13.53
2023;111;13.9;18.25;10.57;11.85;90.04;9.4;0.92;2.16;0.17;10.96
2023;112;13.53;15.85;11.94;12.1;93.64;6.73;0.65;1.49;0.03;12.73
2023;113;13.88;17.92;10.84;11.76;89.46;13.36;0.32;0.54;0.03;15.14
2023;114;13.83;16.96;11.29;11.64;88.93;17.7;0.49;0.93;0.11;15.78
2023;115;13.7;17.28;11.47;11.94;91.72;11.8;0.89;1.83;0.08;16.83
2023;116;13.56;17.75;10.08;11.45;88.87;4.43;1.23;2.11;0.25;14.01
2023;117;13.64;18.13;9.56;11.64;89.86;14.05;1.71;3.33;0.24;16.1
2023;118;13.79;18.03;10.12;11.79;90.28;4.66;1.76;3.28;0.41;15.19
2023;119;13.76;17.9;9.99;11.65;89.59;10.83;1.71;3.48;0.32;16.81
2023;120;13.79;17.91;9.93;11.7;89.68;3.31;1.63;3.61;0.33;14.11
2023;121;13.8;18.37;9.91;11.63;89.11;6.44;1.78;3.56;0.25;18.0
2023;122;13.86;18.06;10.33;11.49;88.1;5.62;2.07;4.06;0.68;21.75
2023;123;13.31;17.85;7.29;11.38;89.46;23.6;1.93;3.71;0.62;23.77
2023;124;14.02;18.18;10.66;11.91;89.75;9.11;1.89;3.64;0.58;18.74
2023;125;14.42;18.73;10.53;12.12;89.12;0.06;2.3;3.94;0.87;16.84
2023;126;13.4;18.17;9.24;10.49;83.75;0.07;2.04;3.51;0.5;21.98
2023;127;13.74;18.4;9.06;11.04;84.13;0.02;1.51;3.01;0.45;23.29
2023;128;14.42;18.07;10.54;12.34;90.54;3.17;2.12;4.05;0.57;16.05
2023;129;14.16;17.14;11.79;12.38;92.47;8.27;2.51;4.46;1.21;14.88
2023;130;13.13;16.27;10.81;11.41;91.17;5.89;1.27;2.83;0.2;15.6
2023;131;14.09;18.61;10.44;11.91;89.45;1.05;1.38;2.35;0.46;20.79
2023;132;13.95;18.72;10.02;11.24;85.52;0.19;1.2;2.41;0.16;15.18
2023;133;14.26;17.72;11.48;12.33;91.49;33.51;1.98;3.77;0.75;13.77
2023;134;13.98;17.1;11.32;12.3;92.79;8.16;1.95;4.03;0.63;13.62
2023;135;13.42;17.11;11.05;11.28;88.96;2.43;1.7;3.75;0.21;12.79
2023;136;13.75;18.24;9.32;11.22;86.28;12.45;1.38;3.19;0.24;16.4
2023;137;14.43;18.15;11.22;12.1;88.71;3.98;1.05;2.22;0.15;16.26
2023;138;14.98;19.37;11.54;12.43;88.08;0.05;1.6;2.96;0.39;16.97
2023;139;14.89;18.39;12.14;13.07;92.74;0.74;1.9;3.72;0.71;16.54
2023;140;14.77;18.77;11.85;12.66;90.93;12.7;1.63;3.31;0.54;13.73
2023;141;13.83;16.94;11.0;11.78;89.82;27.02;1.01;2.3;0.16;12.11
2023;142;14.04;19.08;9.38;11.56;86.37;10.11;1.3;2.11;0.16;12.31
2023;143;13.81;18.22;9.72;11.78;89.56;0.66;1.53;2.99;0.56;14.82
2023;144;13.96;18.25;10.82;12.16;91.49;6.86;1.29;2.56;0.2;15.72
2023;145;12.48;15.85;9.96;11.15;92.39;43.56;1.15;2.58;0.27;16.79
2023;146;13.13;16.62;8.92;11.14;88.39;11.21;1.26;2.68;0.26;13.5
2023;147;13.05;16.57;9.41;11.32;90.65;20.01;1.42;3.11;0.29;15.7
2023;148;13.53;17.58;9.3;11.46;89.04;3.22;1.46;3.05;0.32;16.68
2023;149;14.14;18.43;10.28;11.96;89.6;6.19;1.54;2.87;0.52;18.83
2023;150;13.56;16.78;10.91;11.78;91.39;7.09;1.86;3.69;0.72;16.12
2023;151;13.07;17.06;9.33;11.42;91.22;13.1;1.86;3.42;0.42;17.18
2023;152;12.95;16.65;10.42;11.27;91.11;4.38;1.75;3.36;0.44;12.72
2023;153;12.2;16.25;9.14;10.46;88.87;11.9;1.65;3.17;0.48;21.26
2023;154;12.5;17.12;7.69;10.55;87.39;8.68;1.54;3.43;0.45;21.93
2023;155;12.59;16.59;7.89;10.71;88.59;1.64;1.77;3.65;0.41;18.34
2023;156;12.39;16.24;9.27;10.69;89.69;4.09;1.47;3.61;0.21;17.27
2023;157;12.23;16.65;7.73;10.45;88.43;4.09;1.81;3.44;0.46;17.02
2023;158;12.92;17.14;7.85;11.12;89.81;10.72;1.76;3.62;0.46;16.1
2023;159;13.54;17.07;10.94;11.89;92.53;21.72;1.82;3.72;0.5;13.49
2023;160;13.36;17.56;9.14;11.19;88.18;2.43;1.66;3.43;0.48;16.35
2023;161;13.83;17.78;10.67;11.82;90.31;7.87;1.63;3.18;0.4;18.75
2023;162;13.7;17.3;9.72;11.68;89.93;29.44;1.86;3.41;0.35;16.43
2023;163;13.29;17.22;9.8;11.14;88.28;0.96;1.85;3.49;0.43;16.4
2023;164;12.93;16.43;8.85;11.21;90.56;7.92;2.04;4.04;0.64;20.19
2023;165;12.32;15.71;9.9;11.01;92.53;23.45;2.56;4.68;0.87;13.21
2023;166;11.64;15.3;9.1;10.09;88.89;8.21;2.38;3.9;0.64;14.09
2023;167;12.0;16.13;8.1;10.64;91.4;6.77;1.84;3.56;0.47;13.0
2023;168;11.84;15.21;9.19;10.47;91.05;2.91;2.26;4.23;0.77;15.11
2023;169;11.75;15.15;8.89;10.56;92.31;2.85;2.53;4.39;0.83;14.67
2023;170;12.48;16.63;8.77;10.83;90.39;0.06;2.17;3.9;0.67;19.04
2023;171;13.01;17.56;8.96;11.42;91.46;1.72;2.19;4.21;0.58;17.34
2023;172;13.38;17.4;10.01;11.77;92.28;13.27;2.05;4.12;0.5;16.45
2023;173;13.33;17.32;10.16;11.66;91.66;19.99;1.66;3.74;0.43;13.33
2023;174;13.55;17.4;10.08;11.6;89.84;6.98;1.54;2.82;0.42;17.41
2023;175;12.79;16.45;9.97;11.0;89.96;8.59;1.61;3.21;0.41;17.38
2023;176;12.15;15.82;8.47;10.51;89.53;8.47;1.49;3.19;0.38;15.37
2023;177;12.5;16.68;8.21;10.69;88.8;6.3;1.54;3.43;0.35;13.25
2023;178;13.1;17.08;9.25;11.36;90.9;9.8;1.61;3.27;0.28;16.26
2023;179;13.41;17.66;9.42;11.47;90.0;0.61;1.79;3.27;0.51;17.96
2023;180;13.15;16.51;10.56;11.69;93.01;7.21;2.66;4.86;1.14;17.15
2023;181;12.07;15.97;8.94;10.49;89.85;2.8;2.06;3.84;0.73;17.07
2023;182;12.38;16.7;7.92;10.66;89.53;26.81;1.75;3.61;0.38;15.31
2023;183;13.42;17.07;9.54;11.66;91.09;5.78;1.64;3.46;0.32;16.61
2023;184;13.94;18.14;10.07;11.84;89.81;10.01;1.32;2.79;0.32;14.75
2023;185;13.59;17.79;10.97;11.59;90.27;5.47;1.51;3.04;0.53;16.23
2023;186;12.92;16.97;9.7;11.36;91.91;10.88;1.61;3.28;0.5;15.35
2023;187;13.41;17.6;9.41;11.61;90.73;8.97;1.72;3.66;0.38;17.1
2023;188;13.89;17.8;10.79;11.8;89.9;7.54;1.64;3.08;0.65;16.97
2023;189;13.03;16.14;10.74;11.52;92.61;7.89;1.92;3.74;0.74;13.8
2023;190;12.51;16.21;8.91;10.77;89.78;2.41;2.09;4.21;0.54;18.04
2023;191;13.04;16.99;8.76;11.23;89.66;6.2;2.1;4.28;0.46;13.75
2023;192;12.76;16.65;9.82;10.75;87.93;2.42;1.98;3.9;0.37;15.53
2023;193;12.74;17.01;8.23;10.55;86.18;0.93;1.74;3.6;0.34;17.56
2023;194;12.86;17.18;8.68;11.01;89.35;12.46;1.93;3.93;0.56;19.89
2023;195;12.98;16.92;9.86;11.28;90.79;7.34;2.09;3.73;0.53;13.0
2023;196;12.79;16.77;10.14;10.91;88.96;1.56;2.24;4.2;0.85;17.42
2023;197;12.96;16.68;9.18;11.17;90.21;10.42;2.27;3.9;0.88;16.16
2023;198;12.61;15.71;10.36;10.93;90.53;4.58;2.3;4.02;0.96;14.59
2023;199;12.16;15.97;8.9;10.46;89.17;1.04;2.55;4.4;1.3;16.54
2023;200;11.74;15.52;8.67;10.29;90.14;3.88;2.64;4.55;1.27;11.62
2023;201;12.28;16.09;8.85;10.64;89.79;4.43;2.79;4.52;1.67;17.27
2023;202;12.47;15.63;10.03;11.09;92.51;7.51;2.37;3.78;1.35;15.39
2023;203;12.46;16.33;9.59;10.81;90.28;0.6;2.13;3.99;0.55;13.41
2023;204;12.67;17.23;7.76;10.97;90.01;4.46;1.84;3.81;0.4;16.01
2023;205;13.16;17.02;9.89;11.16;89.37;1.53;1.71;3.78;0.57;18.51
2023;206;13.82;17.89;10.28;11.74;89.84;0.8;1.65;3.4;0.53;14.93
2023;207;13.99;17.62;10.43;11.95;90.18;17.31;1.35;2.27;0.31;17.6
2023;208;14.01;17.44;10.43;12.02;90.76;6.93;2.01;3.56;0.6;12.64
2023;209;13.82;17.4;11.26;11.83;90.42;6.81;2.41;4.46;0.91;17.4
2023;210;13.36;17.37;10.44;11.4;90.01;0.74;2.32;4.01;0.65;16.42
2023;211;12.55;16.14;8.34;10.85;90.04;13.36;1.91;3.77;0.72;14.62
2023;212;11.75;14.66;9.03;10.33;90.68;6.41;2.35;4.33;1.06;13.64
2023;213;11.22;15.49;7.86;9.8;89.16;1.87;2.18;4.35;0.56;13.74
2023;214;10.99;16.24;6.18;9.51;87.38;9.07;1.78;3.81;0.52;15.16
2023;215;11.72;16.58;7.19;9.59;84.71;2.34;1.66;3.54;0.37;16.33
2023;216;12.06;16.42;6.99;10.19;87.77;12.25;1.76;3.87;0.41;17.91
2023;217;13.24;17.52;9.13;11.32;89.82;3.96;1.83;3.6;0.4;16.48
2023;218;13.29;17.28;9.76;11.45;90.56;1.44;1.71;3.49;0.39;14.5
2023;219;13.62;17.91;10.07;11.61;90.2;2.6;1.9;4.21;0.44;14.89
2023;220;13.11;17.83;9.73;10.53;85.72;0.85;1.93;4.06;0.42;19.43
2023;221;12.99;17.7;9.52;11.05;89.29;3.91;1.25;3.05;0.19;14.43
2023;222;12.85;17.65;8.3;10.17;82.37;3.94;1.57;3.19;0.21;16.94
2023;223;12.46;16.67;8.93;10.48;87.8;4.56;1.86;4.07;0.42;16.3
2023;224;11.9;15.27;8.38;10.47;90.47;4.22;1.76;3.45;0.67;17.19
2023;225;12.77;16.8;8.87;10.9;89.16;2.55;2.06;4.44;0.83;17.94
2023;226;13.3;17.09;10.42;11.56;91.01;14.46;2.22;4.33;0.83;16.93
2023;227;13.23;16.87;10.69;11.65;92.42;9.93;1.87;3.86;0.56;14.72
2023;228;13.01;18.13;8.88;10.77;87.25;0.57;1.51;3.24;0.29;15.65
2023;229;13.94;18.58;9.15;11.45;86.88;5.22;1.44;3.2;0.23;19.97
2023;230;14.82;18.99;11.33;12.62;90.32;6.16;1.27;2.43;0.38;17.82
2023;231;15.32;19.5;11.3;13.02;90.03;12.27;1.86;3.24;0.4;18.83
2023;232;14.72;18.19;12.44;12.73;91.47;7.49;1.88;3.11;0.29;17.45
2023;233;14.26;18.49;10.25;12.04;88.66;20.44;1.75;3.56;0.23;16.55
2023;234;13.35;17.39;10.09;11.19;87.92;23.27;1.6;3.37;0.28;14.47
2023;235;13.19;18.17;7.71;10.75;86.02;4.4;1.59;3.55;0.28;23.97
2023;236;13.29;17.48;9.87;11.22;88.7;6.62;1.6;3.72;0.37;16.88
2023;237;13.46;17.37;10.59;11.38;89.08;13.22;1.6;3.44;0.39;19.01
2023;238;13.11;17.78;9.43;10.69;85.6;1.02;1.56;3.36;0.38;25.65
2023;239;11.81;17.35;7.59;7.99;71.19;0.5;1.44;3.31;0.35;23.22
2023;240;12.73;17.72;7.74;10.49;85.7;0.27;1.64;3.81;0.34;17.44
2023;241;13.18;17.62;8.97;10.78;86.24;3.27;1.81;3.68;0.37;21.37
2023;242;13.09;17.7;9.81;11.06;88.79;1.27;2.01;4.23;0.46;16.48
2023;243;13.06;17.44;8.39;10.84;87.05;0.08;1.88;4.29;0.4;21.06
2023;244;13.74;18.25;9.71;11.46;88.15;1.49;1.81;3.75;0.38;21.41
2023;245;14.06;18.4;11.31;12.12;91.08;6.39;1.3;3.12;0.14;17.26
2023;246;14.15;18.44;11.09;11.7;87.89;16.72;1.67;3.27;0.21;17.93
2023;247;13.78;17.98;10.24;11.67;89.46;2.24;2.06;3.97;0.59;15.03
2023;248;13.48;17.77;9.58;11.45;89.65;4.5;2.02;4.08;0.54;18.29
2023;249;13.22;18.44;8.3;10.81;86.45;1.63;1.87;3.94;0.41;20.61
2023;250;13.62;17.58;9.77;11.7;90.24;16.36;1.67;3.97;0.27;15.46
2023;251;14.08;18.65;9.59;11.56;87.21;2.61;1.78;3.53;0.47;15.72
2023;252;14.0;18.12;10.89;11.9;90.04;5.92;2.04;3.97;0.63;13.92
2023;253;13.42;18.77;9.82;11.03;87.03;5.08;2.0;3.98;0.33;13.72
2023;254;13.29;17.88;9.9;11.22;88.72;10.65;1.36;3.53;0.25;21.5
2023;255;13.49;18.79;8.23;11.22;87.6;0.03;1.43;3.14;0.21;18.17
2023;256;14.17;18.48;9.98;11.96;89.41;0.06;1.56;3.54;0.28;21.3
2023;257;13.45;17.15;10.4;11.38;88.69;4.02;1.85;4.02;0.46;14.6
2023;258;12.58;17.61;8.75;10.09;84.53;0.85;1.7;3.78;0.33;18.46
2023;259;13.29;17.96;8.69;11.26;89.0;12.53;1.48;3.29;0.27;18.15
2023;260;14.06;18.41;10.53;11.58;87.45;1.78;1.87;3.86;0.37;14.12
2023;261;13.85;17.53;9.73;11.44;87.44;1.23;1.99;3.84;0.23;14.25
2023;262;13.47;17.66;9.34;10.85;85.11;0.44;2.16;4.22;0.3;15.2
2023;263;13.29;17.88;9.19;10.75;84.31;0.05;1.91;4.19;0.34;16.78
2023;264;13.36;18.15;8.53;10.85;85.93;0.0;1.73;3.77;0.28;22.67
2023;265;14.09;18.86;9.93;10.81;81.98;10.1;1.36;3.37;0.26;21.25
2023;266;14.14;17.81;11.99;12.36;92.33;15.56;1.52;2.52;0.58;19.14
2023;267;13.46;17.9;8.87;10.92;85.84;0.49;1.78;3.76;0.27;16.52
2023;268;13.12;17.59;8.48;11.07;88.49;5.45;1.72;3.99;0.3;17.89
2023;269;14.92;20.2;9.82;11.98;85.75;1.51;1.45;3.12;0.39;21.05
2023;270;15.54;20.04;11.38;12.73;87.68;4.16;1.21;2.34;0.33;18.16
2023;271;15.2;18.63;12.59;12.55;87.9;11.99;1.37;2.91;0.29;21.13
2023;272;14.4;18.69;11.47;12.02;88.71;9.01;1.57;3.67;0.25;17.57
2023;273;13.73;18.58;9.09;10.26;80.33;11.05;1.85;3.77;0.27;22.11
2023;274;14.27;19.42;9.94;10.99;81.78;0.21;1.4;3.22;0.21;19.58
2023;275;14.86;19.97;10.78;12.17;86.97;4.64;1.31;3.01;0.17;21.28
2023;276;13.36;17.78;10.3;10.65;83.76;17.46;1.11;3.07;0.16;18.96
2023;277;14.24;20.2;8.78;10.59;79.83;12.39;1.01;2.26;0.09;19.85
2023;278;14.55;19.67;10.38;11.59;85.1;6.79;1.22;2.4;0.03;20.05
2023;279;14.69;18.74;11.38;12.18;87.74;4.47;1.5;2.93;0.18;17.72
2023;280;15.13;19.19;11.94;12.46;87.71;14.71;1.47;2.88;0.21;19.66
2023;281;14.08;16.84;11.89;12.09;90.59;16.82;1.62;3.37;0.44;15.62
2023;282;14.35;18.87;10.35;11.69;86.58;30.56;1.6;3.3;0.4;21.35
2023;283;14.3;17.27;11.38;12.17;90.1;24.85;1.72;2.99;0.36;15.49
2023;284;12.99;17.43;9.78;10.61;86.02;0.55;1.68;3.74;0.31;16.89
2023;285;13.72;18.49;8.92;11.2;86.44;2.54;1.52;3.24;0.37;22.61
2023;286;13.95;18.9;9.81;10.85;83.38;2.29;1.38;3.01;0.16;19.52
2023;287;14.14;19.12;10.41;11.25;84.72;0.79;1.2;2.6;0.12;18.21
2023;288;13.35;18.19;9.79;11.05;87.48;6.45;1.56;3.68;0.3;17.25
2023;289;12.52;17.54;8.06;10.21;85.43;0.69;1.47;3.62;0.27;16.14
2023;290;13.72;18.11;9.6;11.27;86.74;1.08;1.33;2.79;0.25;15.98
2023;291;13.74;17.78;11.1;11.71;90.04;1.51;1.68;3.02;0.33;18.86
2023;292;13.08;17.73;9.65;11.03;88.4;4.53;1.57;3.37;0.3;16.78
2023;293;13.93;18.79;10.22;11.15;84.86;0.51;1.14;2.72;0.13;13.97
2023;294;13.32;17.5;10.21;11.2;88.5;0.85;0.88;2.1;0.19;14.13
2023;295;13.24;16.43;10.6;11.11;88.13;3.0;1.26;2.88;0.13;12.54
2023;296;13.77;18.7;9.15;11.37;87.07;5.34;1.24;2.84;0.22;22.01
2023;297;14.06;19.36;9.76;11.59;87.32;14.82;1.32;2.98;0.25;16.28
2023;298;14.05;18.51;11.14;11.95;89.57;9.86;1.21;2.57;0.29;17.94
2023;299;14.42;18.5;11.3;12.02;87.93;9.98;0.92;2.23;0.26;15.95
2023;300;14.29;17.69;12.21;12.36;91.36;3.2;0.89;1.84;0.22;14.93
2023;301;14.12;17.07;12.42;12.33;91.92;2.49;0.68;1.36;0.0;14.99
2023;302;13.56;16.71;11.3;11.91;92.1;3.62;0.83;1.75;0.19;14.38
2023;303;14.29;19.3;10.31;11.72;86.81;4.29;1.16;2.83;0.11;17.95
2023;304;14.73;18.87;11.68;12.45;89.49;16.5;0.85;1.69;0.11;15.87
2023;305;13.35;16.73;10.99;11.11;87.51;22.6;0.99;2.1;0.14;14.67
2023;306;13.21;17.06;10.69;11.41;90.46;5.03;1.07;2.14;0.27;14.7
2023;307;13.19;17.24;10.29;11.0;87.43;14.38;1.15;2.54;0.07;15.22
2023;308;13.08;16.42;10.46;11.52;91.96;8.51;1.31;2.75;0.55;13.01
2023;309;13.4;17.61;9.88;11.29;88.62;1.56;1.15;2.41;0.25;14.32
2023;310;13.93;18.66;10.4;11.58;87.9;14.66;1.25;2.5;0.21;14.59
2023;311;13.31;18.05;10.11;11.33;89.25;3.65;1.59;3.37;0.46;14.27
2023;312;13.84;18.5;9.45;11.51;87.65;0.0;1.41;3.01;0.3;16.37
2023;313;14.41;18.37;10.99;12.35;90.43;12.25;1.8;3.25;0.48;17.29
2023;314;13.94;17.28;11.51;12.21;92.24;11.39;2.2;3.88;0.75;15.29
2023;315;13.7;17.82;11.02;11.85;90.91;6.2;1.84;3.59;0.63;14.84
2023;316;14.32;18.39;10.76;12.4;91.35;3.54;1.77;3.57;0.68;14.77
2023;317;15.21;19.51;11.65;12.9;90.02;3.28;1.69;3.07;0.31;17.34
2023;318;14.67;18.56;11.79;12.76;91.92;3.11;1.72;3.36;0.37;18.28
2023;319;13.97;18.43;11.22;11.63;88.53;3.86;1.76;3.42;0.62;16.5
2023;320;13.84;18.95;10.69;10.02;78.1;0.33;1.27;2.67;0.29;23.5
2023;321;14.26;19.74;9.65;9.69;71.31;14.39;1.04;2.42;0.04;23.24
2023;322;14.26;17.46;11.89;12.2;90.05;10.02;0.74;1.67;0.1;16.53
2023;323;14.28;17.37;12.25;12.78;93.91;4.91;0.81;1.58;0.35;14.47
2023;324;14.02;17.97;10.65;11.95;90.01;6.83;0.62;1.15;0.35;17.09
2023;325;14.73;19.05;11.76;11.76;85.24;3.52;1.05;2.16;0.46;19.43
2023;326;14.61;19.22;11.27;11.97;87.33;3.52;1.13;2.13;0.52;19.67
2023;327;14.59;19.42;10.2;11.91;86.93;2.94;1.27;2.11;0.4;18.7
2023;328;12.66;15.05;11.0;11.45;93.85;18.19;1.4;3.33;0.37;16.06
2023;329;13.62;17.88;9.56;11.38;88.24;0.49;1.48;2.97;0.61;18.68
2023;330;13.31;16.47;10.83;11.66;91.63;0.0;1.5;2.68;0.59;18.02
2023;331;13.64;18.15;10.05;11.75;90.49;0.0;2.29;4.18;0.99;16.16
2023;332;13.18;17.71;9.63;11.3;89.93;0.13;1.96;3.87;0.51;15.08
2023;333;13.62;18.25;8.66;11.5;88.53;0.33;1.58;3.32;0.51;18.24
2023;334;14.29;18.71;10.82;12.2;90.31;0.19;1.62;3.1;0.62;19.88
2023;335;13.86;18.8;9.95;11.5;87.85;0.0;1.66;3.03;0.6;23.22
2023;336;13.24;18.93;7.85;10.63;85.14;0.0;1.39;2.85;0.37;21.73
2023;337;14.45;19.97;9.81;11.62;85.26;0.0;1.26;2.42;0.48;20.5
2023;338;14.28;19.19;10.09;11.81;87.33;0.0;1.52;2.76;0.67;20.78
2023;339;14.19;19.6;9.22;11.5;85.56;0.0;1.51;2.82;0.63;21.32
2023;340;14.06;18.3;10.15;11.66;87.67;0.0;1.62;3.58;0.53;18.25
2023;341;14.35;18.4;11.63;11.81;87.84;1.39;1.62;2.88;0.54;17.86
2023;342;14.19;18.8;10.84;11.94;89.54;1.26;1.82;3.35;0.79;19.48
2023;343;14.56;18.34;11.23;12.74;92.51;12.47;2.0;3.66;0.71;14.03
2023;344;14.46;18.55;11.04;12.46;90.99;7.29;2.16;3.87;0.66;12.72
2023;345;13.87;18.0;10.73;11.82;89.99;0.56;1.71;2.99;0.77;17.16
2023;346;13.9;19.46;8.69;11.25;85.87;0.0;1.77;3.7;0.7;21.64
2023;347;14.59;19.73;9.79;12.06;86.88;0.0;1.46;3.33;0.6;21.13
2023;348;15.25;19.75;11.56;12.99;89.46;0.11;1.12;2.2;0.5;17.12
2023;349;14.2;16.58;11.85;12.65;93.57;10.41;1.46;2.93;0.62;10.88
2023;350;14.39;17.29;11.78;12.57;92.15;22.53;0.99;2.2;0.31;9.48
2023;351;14.19;17.52;11.0;12.31;91.41;6.95;0.83;1.8;0.12;12.53
2023;352;13.89;16.68;11.49;12.11;91.71;17.67;0.75;1.39;0.23;16.27
2023;353;13.78;16.27;11.46;11.98;91.14;2.02;0.91;1.61;0.41;15.28
2023;354;14.62;18.88;11.11;12.62;90.92;2.59;0.94;1.75;0.4;15.13
2023;355;14.05;18.01;10.83;12.17;91.14;1.45;1.31;2.67;0.35;18.6
2023;356;14.8;19.0;11.62;12.48;89.52;0.03;1.39;2.56;0.6;14.96
2023;357;15.24;19.34;12.23;13.0;90.43;1.05;1.58;3.07;0.7;16.9
2023;358;15.3;19.17;12.32;13.17;91.39;11.72;1.96;3.41;0.64;16.7
2023;359;14.33;17.12;12.09;12.65;93.27;14.35;1.26;2.4;0.45;15.02
2023;360;14.24;18.52;10.62;12.01;89.43;3.19;1.2;2.6;0.27;11.13
2023;361;14.56;17.25;12.69;12.81;93.04;6.62;1.08;2.13;0.35;15.84
2023;362;14.53;17.82;11.99;12.82;93.3;6.19;1.09;2.14;0.42;15.59
2023;363;14.78;18.83;11.85;12.73;91.38;9.83;0.68;1.46;0.29;18.28
2023;364;15.35;19.47;12.87;13.18;91.47;5.11;0.84;1.59;0.42;18.04
2023;365;14.64;18.1;12.28;12.86;93.09;1.39;1.14;2.08;0.37;16.93
2024;1;14.81;19.6;11.28;12.32;88.65;0.18;1.34;2.46;0.56;17.13
2024;2;14.61;19.75;9.93;11.48;84.23;0.23;1.1;1.96;0.51;18.66
2024;3;14.63;19.57;10.93;11.6;85.2;0.07;1.26;2.35;0.51;19.91
2024;4;14.25;19.39;9.75;10.83;81.81;0.0;1.17;2.29;0.44;21.54
2024;5;13.76;18.7;9.8;10.61;82.92;0.0;1.19;2.66;0.23;20.2
2024;6;12.68;18.78;7.78;9.45;80.08;0.0;1.5;3.0;0.48;23.81
2024;7;12.58;18.71;7.55;10.25;85.26;0.0;1.7;3.36;0.58;21.36
2024;8;12.74;19.23;7.13;10.1;83.84;0.0;1.54;3.04;0.49;22.39
2024;9;12.04;18.68;6.7;8.81;77.76;0.0;1.6;3.13;0.51;21.76
2024;10;13.51;19.6;8.2;10.69;83.84;1.21;1.44;2.93;0.61;21.39
2024;11;14.62;19.87;10.49;11.92;86.8;0.42;1.29;2.5;0.58;21.17
2024;12;14.41;20.14;10.25;11.52;85.66;0.62;1.04;1.75;0.56;20.24
2024;13;14.0;19.64;9.93;10.72;82.43;0.22;1.45;2.82;0.63;19.69
2024;14;13.22;19.46;8.3;9.89;80.13;0.01;1.63;3.03;0.49;21.66
2024;15;12.96;19.17;8.2;9.84;80.82;0.0;1.86;3.29;0.69;24.26
2024;16;12.26;18.36;6.42;9.07;79.25;0.0;1.89;3.82;0.74;23.89
2024;17;14.0;20.17;8.32;11.31;85.94;0.0;1.88;3.38;0.74;23.42
2024;18;14.5;19.62;10.8;11.8;87.03;0.0;2.02;3.63;0.71;22.76
2024;19;13.85;19.17;8.64;11.05;85.17;0.01;1.84;3.61;0.74;22.81
2024;20;14.02;19.15;10.49;11.32;85.35;0.04;2.11;3.89;0.83;16.77
2024;21;14.02;18.71;10.49;11.64;88.15;0.61;2.01;4.14;0.58;15.72
2024;22;13.96;19.37;10.08;10.96;84.04;0.0;2.4;4.16;1.08;24.28
2024;23;12.69;19.63;7.58;9.3;79.01;0.0;2.02;4.05;0.77;25.6
2024;24;12.96;19.96;6.52;9.85;81.48;0.0;1.85;3.23;0.77;25.9
2024;25;12.55;19.85;6.25;8.96;76.95;0.0;1.72;3.24;0.67;24.7
2024;26;12.31;19.66;6.16;8.15;71.09;0.0;1.61;3.05;0.68;24.39
2024;27;13.96;21.84;7.52;9.28;71.81;0.0;0.99;1.91;0.53;22.74
2024;28;14.53;21.26;9.26;10.85;80.74;0.0;1.25;2.11;0.58;21.77
2024;29;13.97;20.57;8.85;10.41;80.34;1.96;1.39;2.75;0.47;22.61
2024;30;13.42;20.21;8.05;9.41;75.56;0.22;1.6;3.34;0.57;21.14
2024;31;14.19;20.01;8.87;11.67;86.72;7.3;1.29;2.36;0.67;19.3
2024;32;15.05;20.16;10.84;12.54;88.78;10.84;1.47;2.97;0.36;14.31
2024;33;14.89;18.78;12.47;12.91;92.06;9.0;1.9;3.51;0.89;13.32
2024;34;14.36;17.5;12.02;12.26;90.44;2.29;1.0;2.3;0.21;13.74
2024;35;14.2;17.53;11.71;12.06;89.93;1.19;1.37;2.39;0.33;14.97
2024;36;13.24;17.05;10.8;11.19;88.64;0.84;1.12;2.43;0.16;13.72
2024;37;14.14;19.71;9.49;11.01;82.97;0.19;1.29;2.69;0.31;11.94
2024;38;14.82;20.61;10.67;12.05;86.85;3.98;1.38;2.66;0.56;15.57
2024;39;15.22;20.36;10.39;12.24;86.16;5.41;1.41;3.05;0.3;14.79
2024;40;15.42;20.54;11.63;12.65;87.98;3.57;2.01;3.64;0.69;15.3
2024;41;14.86;20.05;11.62;12.07;87.1;3.09;2.31;3.82;0.79;17.45
2024;42;14.54;20.03;10.54;11.38;84.29;0.35;1.82;3.49;0.5;21.92
2024;43;14.38;20.27;9.97;10.86;81.51;0.01;1.57;3.13;0.39;24.27
2024;44;14.44;20.37;9.75;10.39;78.47;0.01;1.72;3.22;0.39;22.98
2024;45;14.16;19.7;8.2;11.33;85.28;0.01;2.08;4.08;0.66;19.95
2024;46;15.49;20.57;11.47;12.81;87.83;0.56;2.05;3.6;0.93;15.5
2024;47;15.25;19.4;13.1;12.9;90.21;2.94;2.32;4.39;1.13;12.96
2024;48;14.82;19.03;11.59;12.43;89.32;3.1;2.25;4.98;0.67;16.13
2024;49;14.81;20.88;10.41;11.78;85.73;5.96;1.86;3.97;0.51;20.82
2024;50;15.12;22.27;9.1;10.46;76.06;0.85;1.35;2.71;0.45;22.16
2024;51;15.88;22.3;10.88;10.89;75.19;1.54;1.08;2.16;0.52;21.38
2024;52;15.15;20.29;11.72;11.54;81.58;3.95;0.69;1.33;0.21;15.42
2024;53;15.17;20.36;11.57;11.84;83.74;3.45;0.74;1.62;0.43;14.67
2024;54;14.62;19.47;11.63;11.45;83.72;1.92;1.02;2.27;0.2;23.01
2024;55;14.57;20.74;10.14;10.05;75.52;2.17;1.25;2.49;0.51;20.44
2024;56;13.93;19.41;9.47;10.15;78.39;0.68;1.62;3.34;0.57;18.78
2024;57;14.32;19.66;10.36;11.22;84.02;0.63;1.39;2.57;0.31;17.09
2024;58;14.32;18.19;11.49;11.94;88.56;1.81;0.95;2.01;0.31;16.98
2024;59;14.92;20.54;10.8;11.66;84.05;0.03;1.26;2.65;0.45;18.58
2024;60;14.87;21.1;10.32;10.9;79.69;0.0;1.5;2.53;0.63;20.47
2024;61;13.9;19.63;7.33;9.5;74.46;0.0;1.35;2.62;0.54;20.77
2024;62;14.55;20.04;10.56;11.25;83.3;2.05;1.33;2.02;0.55;20.58
2024;63;14.81;20.62;10.57;11.28;82.25;0.43;1.4;2.41;0.68;18.98
2024;64;15.16;20.57;11.05;11.58;82.32;0.0;1.31;2.52;0.56;17.0
2024;65;14.82;19.62;11.3;11.7;84.57;1.32;1.62;3.01;0.57;16.36
2024;66;15.2;20.63;10.7;11.85;84.12;0.31;1.7;3.34;0.62;20.64
2024;67;16.12;20.98;11.98;12.89;85.33;8.83;2.0;3.65;0.53;17.08
2024;68;15.46;20.23;12.27;12.3;85.66;8.18;2.13;4.07;0.74;15.44
2024;69;15.84;20.11;12.13;13.16;88.65;6.32;2.07;4.2;0.64;14.96
2024;70;15.6;20.21;12.32;12.78;87.8;7.08;1.79;3.55;0.54;18.48
2024;71;15.86;20.73;11.82;12.88;87.05;2.94;2.51;4.5;0.68;14.04
2024;72;15.89;20.58;12.38;12.73;86.19;1.19;2.55;4.62;1.22;15.31
2024;73;15.53;20.57;11.48;12.15;84.11;0.23;2.49;4.24;1.36;17.51
2024;74;15.1;19.78;11.65;12.15;86.14;0.05;2.32;4.78;0.48;14.24
2024;75;15.21;20.37;9.93;12.05;84.87;2.15;2.1;4.4;0.47;17.32
2024;76;15.88;21.57;11.79;12.55;84.82;0.56;1.82;3.33;0.68;19.55
2024;77;15.68;20.34;12.52;12.25;83.94;0.07;1.83;3.66;0.52;16.63
2024;78;16.11;20.93;12.34;12.59;84.19;0.07;2.3;3.8;0.81;16.25
2024;79;16.0;21.32;12.32;12.71;85.42;0.89;2.0;3.41;0.76;13.9
2024;80;15.86;20.53;12.35;12.59;85.35;9.45;1.12;2.39;0.32;19.78
2024;81;16.09;21.6;12.76;13.03;86.86;7.72;1.46;2.36;0.5;15.72
2024;82;15.38;21.39;11.64;11.45;80.87;2.5;1.67;3.22;0.62;19.47
2024;83;15.17;20.77;11.35;11.61;82.42;7.28;1.32;2.37;0.36;18.14
2024;84;16.13;21.28;13.08;12.67;84.56;8.42;0.63;1.42;0.21;17.93
2024;85;15.16;17.94;12.82;13.04;91.1;7.21;0.9;2.17;0.04;16.46
2024;86;15.07;19.88;11.34;12.2;86.27;11.39;0.57;1.22;0.09;14.97
2024;87;15.15;18.53;12.48;12.38;86.9;1.6;0.57;0.97;0.18;17.98
2024;88;15.21;20.27;11.6;12.29;86.32;3.9;0.87;1.53;0.38;17.11
2024;89;14.71;18.37;12.61;12.47;90.18;11.8;1.31;2.75;0.42;15.35
2024;90;14.76;19.02;11.82;11.98;86.94;6.94;1.61;2.82;0.73;8.62
2024;91;14.53;20.33;10.59;10.78;80.47;0.19;1.62;3.09;0.53;11.59
2024;92;14.66;20.69;10.8;11.2;82.08;8.19;1.44;2.56;0.45;14.39
2024;93;14.74;19.44;11.58;12.45;89.85;7.31;1.96;3.39;0.68;15.15
2024;94;15.03;20.16;11.44;12.3;87.2;3.29;2.04;3.71;0.22;11.76
2024;95;14.49;19.45;10.96;11.51;85.06;9.5;2.23;3.99;0.58;9.57
2024;96;13.91;18.33;9.88;11.19;85.53;8.73;1.58;3.62;0.3;16.37
2024;97;14.13;19.38;10.64;11.74;88.27;2.25;1.68;3.33;0.27;17.41
2024;98;14.28;19.11;8.9;10.85;81.55;5.95;1.88;3.92;0.34;18.53
2024;99;14.85;19.33;11.06;12.13;87.45;11.23;2.3;4.57;0.59;14.37
2024;100;14.44;19.23;11.15;11.7;86.7;2.2;2.03;3.78;0.53;18.43
2024;101;14.35;20.61;9.81;10.41;78.5;0.0;1.89;3.77;0.42;24.38
2024;102;14.52;21.1;8.49;9.76;73.57;0.0;1.54;2.77;0.46;22.79
2024;103;15.2;21.33;9.7;11.44;81.67;0.0;1.75;3.1;0.63;22.83
2024;104;15.64;21.9;10.77;11.89;82.38;0.07;1.74;2.93;0.67;21.51
2024;105;15.27;20.86;10.14;11.33;80.22;0.03;1.84;3.79;0.37;20.08
2024;106;15.81;21.29;11.63;11.71;80.2;0.2;1.69;3.32;0.38;21.57
2024;107;15.3;20.03;11.14;11.57;81.47;0.26;1.94;3.78;0.41;20.71
2024;108;15.76;20.9;12.52;12.19;83.61;0.29;1.38;3.17;0.47;15.78
2024;109;13.64;16.73;11.0;11.51;88.91;9.21;1.68;3.66;0.28;11.78
2024;110;14.56;19.8;10.48;11.99;87.6;10.8;1.43;3.01;0.09;12.6
2024;111;14.04;16.89;12.17;12.25;92.15;12.64;1.2;2.89;0.4;18.59
2024;112;15.08;19.49;11.82;12.4;87.75;6.72;1.8;2.59;0.53;15.3
2024;113;14.13;17.56;11.28;12.15;90.71;9.33;1.39;2.58;0.27;9.03
2024;114;14.59;20.14;9.31;11.49;84.45;0.43;1.75;3.32;0.43;16.62
2024;115;14.87;19.54;11.48;11.5;83.76;7.79;2.06;3.95;0.73;20.98
2024;116;14.7;19.28;10.37;12.09;87.8;10.78;1.96;3.57;0.56;15.97
2024;117;14.36;18.23;10.99;11.96;88.5;8.54;1.83;3.27;0.66;14.25
2024;118;14.83;19.26;11.34;12.25;88.06;2.51;1.35;2.88;0.28;16.8
2024;119;14.7;18.69;12.34;12.58;90.71;41.19;1.22;1.89;0.43;14.69
2024;120;14.29;17.38;12.06;12.05;89.3;5.85;1.09;1.82;0.23;16.05
2024;121;15.26;19.75;12.15;12.51;87.72;0.76;1.75;3.28;0.62;18.21
2024;122;15.21;19.81;12.1;12.91;90.21;15.35;1.69;3.35;0.64;16.34
2024;123;15.22;18.92;12.82;13.05;90.98;2.68;1.24;2.34;0.59;15.06
2024;124;15.43;19.5;12.5;13.16;90.42;8.99;1.53;2.77;0.33;15.66
2024;125;14.54;18.74;11.24;12.2;89.0;23.7;1.64;3.37;0.24;13.04
2024;126;13.8;17.43;11.32;11.95;91.42;15.14;1.79;3.37;0.49;15.1
2024;127;14.66;18.76;10.98;12.44;89.96;0.85;1.78;2.91;0.5;18.83
2024;128;14.97;19.96;11.51;11.93;85.36;11.29;1.99;4.06;0.63;19.53
2024;129;14.66;18.05;12.01;12.76;92.07;12.21;1.89;3.63;0.56;16.71
2024;130;13.94;17.32;10.3;11.66;88.22;18.55;1.4;2.88;0.44;8.77
2024;131;14.23;18.8;10.13;11.84;87.86;3.49;1.34;2.6;0.21;14.28
2024;132;14.92;19.36;10.66;12.54;89.27;2.95;1.58;2.91;0.37;17.95
2024;133;15.62;19.77;12.02;13.12;89.35;38.18;1.87;3.0;0.68;15.88
2024;134;15.35;19.51;12.38;12.2;85.41;12.38;2.25;3.65;0.83;23.25
2024;135;14.44;18.77;10.56;12.23;89.84;10.72;1.78;3.44;0.56;16.34
2024;136;14.94;19.8;11.06;11.64;83.91;8.73;1.39;2.78;0.39;16.18
2024;137;14.8;19.25;11.9;12.71;91.23;12.15;1.89;4.09;0.61;14.9
2024;138;14.79;19.21;11.22;12.6;90.23;0.05;1.96;3.5;0.74;17.01
2024;139;14.81;18.58;11.06;12.84;91.4;16.43;2.1;3.97;0.59;14.9
2024;140;14.58;18.61;11.05;12.36;90.0;5.83;2.09;3.57;0.71;17.94
2024;141;13.82;17.41;11.71;12.06;91.66;19.42;2.08;4.25;0.46;16.61
2024;142;13.37;17.06;10.9;11.61;91.06;10.35;1.74;3.57;0.56;14.0
2024;143;13.91;18.45;10.54;11.2;85.48;0.7;1.78;3.71;0.48;17.16
2024;144;14.64;19.64;10.18;11.91;86.11;2.59;1.24;2.61;0.35;17.3
2024;145;15.35;20.27;11.8;12.71;88.3;14.75;1.53;3.32;0.1;19.55
2024;146;14.19;17.6;11.82;12.36;92.05;32.42;1.57;3.14;0.45;11.47
2024;147;13.78;17.89;10.97;11.65;89.6;8.43;1.73;2.63;0.79;17.2
2024;148;13.39;16.5;10.59;11.65;91.54;14.03;1.76;3.64;0.47;16.84
2024;149;13.97;17.81;9.83;12.01;90.54;10.9;1.98;3.62;0.81;18.53
2024;150;13.83;16.74;11.24;12.09;92.32;41.81;2.06;3.75;0.68;13.73
2024;151;14.08;18.37;10.92;12.26;91.86;7.27;1.79;3.13;0.51;14.78
2024;152;13.83;17.68;10.71;12.19;92.66;7.89;1.91;3.49;0.43;15.55
2024;153;14.34;18.26;10.74;12.21;90.08;0.92;1.83;3.62;0.3;19.86
2024;154;14.51;18.28;10.94;12.36;90.17;6.22;1.57;3.4;0.37;22.06
2024;155;13.85;17.2;11.04;12.05;91.76;13.34;2.22;4.02;0.71;14.32
2024;156;13.45;15.83;10.93;11.95;93.35;26.34;2.4;3.86;0.59;13.66
2024;157;13.4;17.49;9.77;11.64;91.18;9.6;1.64;3.38;0.42;14.36
2024;158;13.31;17.1;9.84;11.33;89.48;3.74;1.77;3.49;0.53;14.68
2024;159;13.84;17.97;9.87;11.91;90.61;7.88;1.92;3.49;0.33;15.07
2024;160;13.65;17.31;10.3;11.64;90.04;4.64;1.97;3.71;0.65;16.53
2024;161;14.02;17.49;10.79;12.31;92.61;2.73;1.75;3.23;0.45;15.48
2024;162;14.27;17.95;11.07;12.44;92.15;7.4;2.05;3.66;0.66;14.75
2024;163;13.36;16.94;10.82;11.56;90.84;14.42;2.09;4.05;0.84;14.59
2024;164;13.33;16.82;9.37;11.68;91.76;8.04;1.83;3.51;0.41;16.04
2024;165;13.86;17.31;10.88;12.11;92.09;9.71;1.57;3.27;0.55;16.57
2024;166;13.89;17.8;10.68;12.06;91.38;9.88;1.66;3.1;0.22;15.58
2024;167;14.15;17.69;10.94;12.24;91.3;11.49;1.75;3.15;0.24;13.61
2024;168;13.1;15.84;11.25;11.38;91.21;9.06;2.16;3.81;0.69;15.65
2024;169;13.64;17.39;10.41;11.72;90.49;0.14;1.69;3.43;0.33;17.63
2024;170;14.02;18.09;11.19;12.17;91.43;11.83;1.39;2.92;0.21;17.12
2024;171;13.53;16.96;11.04;11.97;92.71;10.93;1.48;3.14;0.28;16.67
2024;172;12.99;17.12;10.09;11.3;91.04;2.61;1.88;3.83;0.27;15.3
2024;173;12.42;15.07;10.28;10.9;91.25;1.16;1.44;3.13;0.25;15.73
2024;174;13.23;17.76;8.52;11.13;88.09;3.54;1.63;2.98;0.19;16.23
2024;175;13.47;17.01;10.21;11.63;90.79;3.86;1.56;3.14;0.4;13.22
2024;176;13.83;17.76;9.96;11.96;91.05;22.73;2.01;3.72;0.4;15.46
2024;177;12.91;15.5;10.2;11.46;92.67;4.31;2.1;3.59;0.56;16.07
2024;178;12.21;16.52;8.7;10.48;88.83;2.28;1.85;3.8;0.47;15.56
2024;179;12.51;16.82;8.05;10.87;89.96;16.1;1.44;2.99;0.37;17.28
2024;180;13.6;16.87;10.33;11.85;91.46;6.37;1.22;2.16;0.24;13.69
2024;181;13.34;17.37;10.55;11.75;92.21;14.55;1.56;3.53;0.53;18.05
2024;182;13.52;17.59;10.42;11.03;86.13;9.44;1.47;2.77;0.55;19.23
2024;183;13.25;17.03;10.41;11.26;89.43;2.26;1.56;2.95;0.68;20.29
2024;184;12.94;16.44;9.56;11.22;90.66;17.07;1.86;3.6;0.66;16.54
2024;185;13.34;17.72;10.06;11.58;91.11;4.3;1.6;3.01;0.53;17.26
2024;186;13.88;17.99;10.09;11.89;90.32;5.55;1.47;2.82;0.35;16.25
2024;187;12.76;15.87;9.92;11.25;91.77;17.37;1.56;3.36;0.36;9.83
2024;188;12.5;16.41;9.35;10.84;90.07;10.26;1.72;3.31;0.33;17.34
2024;189;12.22;15.83;9.34;10.84;91.84;2.49;1.97;3.91;0.51;17.22
2024;190;11.88;16.27;6.15;10.17;87.51;0.76;1.88;3.7;0.48;19.05
2024;191;12.92;15.95;10.32;11.58;93.48;6.13;1.81;3.86;0.5;16.29
2024;192;13.56;17.5;9.82;11.65;90.38;0.14;2.0;3.73;0.71;18.8
2024;193;13.48;17.32;10.27;11.18;87.44;0.15;1.93;3.98;0.61;22.26
2024;194;12.76;16.39;10.55;11.49;93.77;4.56;1.95;3.69;0.54;15.06
2024;195;12.08;15.57;9.76;10.53;90.55;1.65;2.51;4.31;0.86;16.45
2024;196;12.21;16.38;7.78;10.57;89.7;7.45;1.77;3.76;0.28;16.1
2024;197;12.68;17.53;8.44;10.87;89.46;7.45;1.66;3.14;0.49;14.32
2024;198;12.93;17.46;10.13;11.43;92.22;3.8;1.87;3.57;0.47;16.17
2024;199;12.7;17.15;9.38;11.03;90.65;2.94;2.2;4.11;0.88;15.64
2024;200;12.47;16.71;9.23;10.8;90.37;0.76;1.86;4.03;0.49;16.61
2024;201;12.81;16.99;8.92;11.01;89.94;0.05;1.73;3.57;0.39;13.8
2024;202;13.08;17.72;9.37;11.27;90.2;0.01;2.07;4.31;0.55;15.15
2024;203;13.03;17.2;9.28;11.32;90.59;5.43;1.84;4.18;0.34;14.81
2024;204;13.15;16.91;9.81;11.63;92.41;15.06;2.07;3.83;0.56;14.39
2024;205;14.04;18.16;11.26;12.11;91.42;1.58;2.25;4.28;0.58;14.49
2024;206;13.82;17.89;10.75;11.98;91.71;6.75;1.82;3.58;0.46;15.39
2024;207;13.78;17.73;10.64;11.82;90.66;1.52;1.79;3.79;0.4;14.28
2024;208;13.85;17.76;10.77;12.09;92.08;23.14;1.89;3.6;0.39;14.29
2024;209;13.41;17.22;9.82;11.59;90.95;4.54;2.06;3.81;0.68;16.12
2024;210;13.81;17.5;10.15;11.96;91.31;1.11;2.23;4.33;0.6;14.63
2024;211;13.57;17.63;9.59;11.63;90.44;5.53;2.15;4.0;0.32;18.9
2024;212;12.45;15.39;9.35;10.82;90.4;4.46;2.17;4.23;0.45;10.43
2024;213;11.97;15.5;9.32;10.44;90.01;1.56;2.14;3.97;0.72;12.89
2024;214;12.36;16.24;8.75;10.57;89.01;0.03;1.9;4.04;0.47;16.62
2024;215;13.11;17.22;9.07;10.95;88.13;0.08;1.58;3.4;0.34;19.7
2024;216;13.5;17.36;10.29;11.63;90.41;2.78;1.75;3.76;0.6;17.58
2024;217;13.28;17.7;10.2;11.2;89.15;3.58;1.74;3.71;0.52;21.8
2024;218;13.37;17.2;8.92;11.56;90.91;5.82;1.8;3.79;0.36;11.57
2024;219;13.92;17.86;11.36;11.73;89.31;2.06;1.65;3.14;0.39;15.53
2024;220;13.74;18.46;10.26;10.91;84.43;0.17;1.51;3.25;0.3;15.74
2024;221;13.61;17.72;9.37;11.71;90.27;15.73;1.42;3.26;0.42;18.12
2024;222;13.89;18.04;10.54;11.64;88.49;6.62;1.86;3.71;0.38;19.33
2024;223;12.81;16.77;9.72;10.97;89.92;11.29;1.84;3.53;0.47;12.61
2024;224;12.76;17.21;8.82;10.73;88.19;1.82;1.49;2.82;0.38;17.52
2024;225;12.74;16.81;8.21;10.73;88.26;3.42;1.67;3.22;0.3;17.25
2024;226;12.46;15.49;9.69;10.76;89.95;2.41;1.9;3.84;0.42;13.49
2024;227;12.59;17.43;7.41;10.28;85.12;0.93;1.9;3.63;0.38;17.98
2024;228;13.19;17.75;9.01;11.32;90.14;0.27;1.95;4.1;0.48;16.61
2024;229;13.45;17.09;10.57;11.83;91.45;1.93;1.93;3.93;0.6;19.92
2024;230;12.7;18.0;8.3;10.01;83.82;0.09;1.71;3.77;0.37;19.36
2024;231;12.69;17.53;7.97;10.22;83.5;0.24;1.79;3.6;0.42;20.55
2024;232;13.74;17.96;9.69;11.62;88.97;0.05;2.14;4.08;0.84;12.15
2024;233;13.71;18.15;10.02;11.57;88.62;0.02;2.14;4.5;0.56;13.66
2024;234;14.27;18.99;10.27;12.05;89.1;8.63;1.76;3.19;0.36;17.48
2024;235;14.68;18.83;10.55;12.3;88.89;4.42;1.83;3.74;0.23;16.9
2024;236;14.79;18.82;11.46;12.33;88.77;6.99;1.81;3.35;0.22;14.82
2024;237;14.32;18.49;10.69;11.98;89.01;3.6;2.06;3.55;0.4;14.39
2024;238;13.04;17.1;8.96;11.09;89.26;3.76;2.01;4.04;0.41;11.79
2024;239;12.71;16.89;9.54;10.38;86.12;0.33;2.05;3.95;0.66;14.82
2024;240;12.63;17.82;7.53;10.25;85.31;1.06;1.84;3.87;0.37;16.58
2024;241;12.79;16.9;9.37;10.91;89.59;5.53;1.87;3.84;0.43;10.53
2024;242;12.27;16.94;8.79;10.05;85.44;1.97;1.91;3.7;0.53;15.43
2024;243;12.4;17.9;7.14;9.83;83.04;0.41;1.43;3.28;0.22;16.32
2024;244;13.0;18.38;9.05;10.2;81.96;2.75;1.29;2.86;0.21;15.07
2024;245;12.06;16.17;8.92;10.3;88.23;6.9;1.52;3.29;0.29;6.99
2024;246;12.24;17.42;7.38;10.1;85.51;2.28;1.52;3.52;0.27;16.74
2024;247;13.19;18.79;8.04;10.37;82.99;2.24;1.31;2.82;0.29;19.14
2024;248;13.91;18.33;9.54;11.55;88.06;1.81;1.87;3.88;0.33;19.48
2024;249;13.8;18.11;10.3;11.47;88.18;0.21;2.23;4.64;0.51;12.17
2024;250;13.68;18.83;9.09;11.32;87.65;0.07;1.62;3.55;0.36;18.07
2024;251;13.22;17.53;9.95;10.97;87.72;0.01;1.67;3.24;0.35;12.94
2024;252;13.24;17.73;9.23;10.92;86.99;0.0;2.3;4.39;0.65;10.12
2024;253;12.93;17.99;7.51;10.39;85.07;0.14;1.96;4.14;0.45;22.35
2024;254;13.51;18.57;8.99;11.05;86.48;2.19;1.62;3.7;0.33;13.3
2024;255;14.15;19.55;8.78;11.6;86.76;0.39;1.9;3.71;0.27;13.37
2024;256;14.28;18.04;11.29;12.12;89.91;11.93;2.05;4.04;0.6;14.14
2024;257;13.46;17.55;9.48;10.96;85.91;4.56;1.79;3.94;0.25;13.06
2024;258;14.32;19.07;9.97;11.4;84.66;0.06;1.68;3.61;0.17;20.93
2024;259;14.21;18.92;9.91;11.67;86.94;1.18;1.98;3.94;0.45;19.79
2024;260;14.01;17.96;9.37;11.81;89.18;3.55;2.25;4.27;0.46;16.65
2024;261;13.28;16.48;9.57;11.12;88.24;2.53;2.23;3.88;0.44;13.14
2024;262;13.28;18.34;8.62;10.28;81.69;9.21;1.81;3.84;0.4;20.91
2024;263;13.83;18.64;9.38;11.14;85.59;3.6;1.97;4.03;0.41;20.06
2024;264;13.21;17.58;9.08;10.79;85.92;3.11;1.98;4.47;0.37;14.17
2024;265;13.79;18.41;9.61;11.34;86.73;3.87;1.76;3.99;0.2;14.76
2024;266;13.96;19.32;9.58;11.16;85.52;9.7;1.69;3.45;0.39;17.93
2024;267;13.24;18.65;8.71;10.17;80.84;2.56;1.8;3.78;0.32;17.41
2024;268;13.38;19.22;8.45;10.32;81.81;1.05;1.83;4.05;0.24;20.08
2024;269;13.44;17.4;9.16;11.16;87.51;1.35;1.65;3.39;0.37;17.65
2024;270;13.4;17.13;10.51;10.45;83.37;0.26;1.35;2.53;0.3;12.29
2024;271;13.52;17.57;10.79;11.25;88.01;1.75;1.49;2.68;0.53;12.85
2024;272;12.82;16.14;9.41;10.79;87.72;27.45;1.3;2.78;0.26;14.78
2024;273;13.27;16.64;10.89;11.46;90.74;11.88;1.4;2.73;0.27;13.02
2024;274;12.27;15.85;9.17;10.22;86.72;2.67;1.33;2.95;0.29;14.02
2024;275;13.82;20.02;8.64;10.02;77.31;0.39;1.4;3.17;0.21;20.18
2024;276;14.55;18.91;11.24;12.07;88.47;3.97;1.36;2.38;0.35;18.13
2024;277;14.62;19.56;10.71;11.75;85.71;0.04;1.45;3.0;0.25;19.62
2024;278;13.85;17.79;11.15;11.75;89.57;8.93;1.42;2.88;0.53;18.92
2024;279;13.24;16.85;10.11;11.06;87.8;9.33;0.62;1.31;0.2;12.93
2024;280;13.87;17.12;11.14;12.08;91.94;8.34;0.79;1.75;0.28;9.21
2024;281;14.48;18.17;10.81;12.03;88.02;5.71;0.88;1.56;0.32;10.52
2024;282;14.16;17.77;11.73;12.36;92.23;7.96;1.4;2.11;0.55;12.94
2024;283;13.68;17.82;9.73;11.63;89.32;14.39;1.57;3.17;0.14;16.75
2024;284;13.41;17.78;10.16;10.75;84.96;13.66;1.64;3.48;0.27;13.96
2024;285;13.51;19.42;8.13;10.79;84.96;0.09;1.78;3.71;0.39;22.82
2024;286;13.07;17.52;9.43;10.97;88.36;5.87;2.27;4.54;0.43;22.71
2024;287;12.23;16.71;8.44;9.91;84.59;1.49;2.41;5.33;0.58;13.97
2024;288;12.15;17.16;7.31;9.33;79.91;2.88;1.92;4.32;0.45;16.42
2024;289;13.17;17.57;9.27;11.03;88.36;6.79;1.65;3.66;0.32;14.72
2024;290;13.72;17.61;10.65;11.69;90.02;0.96;1.49;3.07;0.23;18.89
2024;291;13.47;18.48;9.01;10.62;83.91;0.02;1.71;3.75;0.34;13.5
2024;292;14.56;19.6;10.14;11.98;86.9;2.6;1.53;3.1;0.45;18.92
2024;293;14.83;18.42;11.99;12.58;89.96;18.88;1.5;3.32;0.3;20.72
2024;294;14.88;18.67;11.79;12.33;88.07;15.43;1.0;2.15;0.27;21.86
2024;295;15.55;20.69;11.69;12.58;86.3;16.72;0.98;1.51;0.55;19.93
2024;296;15.04;17.92;12.97;13.09;92.12;23.71;1.63;2.34;0.48;14.48
2024;297;14.07;18.03;11.55;11.94;90.02;13.13;1.92;3.62;0.61;17.21
2024;298;13.79;18.18;10.73;11.52;88.49;1.64;1.8;3.61;0.52;16.15
2024;299;13.97;18.89;8.34;11.65;87.66;2.41;2.05;4.03;0.62;19.62
2024;300;14.31;18.16;11.3;12.09;89.41;7.62;2.12;4.25;0.74;18.06
2024;301;14.17;18.11;11.52;12.38;92.29;2.95;2.19;3.82;0.69;10.59
2024;302;13.45;18.0;10.22;10.55;83.66;0.41;2.32;4.15;0.54;16.3
2024;303;13.12;17.85;8.14;11.08;88.65;8.78;1.57;3.15;0.28;10.57
2024;304;13.0;17.59;9.21;10.66;86.21;15.13;1.39;3.43;0.27;17.07
2024;305;14.11;19.26;9.6;10.58;79.89;1.82;1.05;2.68;0.12;17.28
2024;306;14.36;17.38;12.86;12.57;92.17;2.82;0.48;1.07;0.18;12.34
2024;307;14.56;18.32;12.11;12.38;90.05;4.02;0.39;0.9;0.05;12.83
2024;308;13.29;15.9;9.93;11.78;92.66;13.73;1.28;2.52;0.35;12.64
2024;309;11.68;14.8;8.64;9.97;87.35;14.56;1.02;1.9;0.37;12.02
2024;310;13.7;18.69;8.66;11.14;85.81;0.98;1.37;2.97;0.4;14.48
2024;311;14.21;17.97;11.0;12.32;91.17;14.73;1.19;2.15;0.2;17.93
2024;312;14.73;19.72;11.12;12.37;88.41;4.42;1.1;1.84;0.44;13.15
2024;313;14.48;17.9;11.2;12.13;88.4;0.22;1.29;2.8;0.19;9.34
2024;314;14.41;18.27;11.67;12.45;91.35;2.94;1.05;1.99;0.14;13.55
2024;315;13.31;17.55;10.8;11.45;90.28;9.25;1.16;2.42;0.15;12.84
2024;316;13.96;18.05;10.23;11.74;88.47;10.64;1.04;2.17;0.14;14.49
2024;317;14.45;17.77;11.89;12.58;91.88;10.15;1.0;2.15;0.06;14.67
2024;318;13.87;16.79;11.19;12.31;92.88;7.63;0.58;1.02;0.22;11.42
2024;319;13.34;16.26;11.05;12.16;94.81;9.26;1.27;2.2;0.52;10.95
2024;320;14.32;18.67;11.32;12.08;88.93;12.23;1.37;2.73;0.02;15.32
2024;321;13.71;17.3;10.9;12.23;93.37;11.68;1.46;2.93;0.34;9.1
2024;322;14.23;17.96;11.63;12.26;91.02;4.26;1.49;3.15;0.36;17.18
2024;323;14.76;18.61;11.48;12.6;90.52;20.19;1.41;2.53;0.54;18.0
2024;324;14.7;18.32;12.58;12.58;90.68;12.88;1.59;2.79;0.62;17.1
2024;325;14.2;17.72;11.94;12.28;91.49;5.78;1.47;2.54;0.56;13.6
2024;326;14.14;18.26;11.43;11.84;88.78;6.8;1.17;2.51;0.36;14.46
2024;327;13.2;16.03;11.18;11.83;93.73;7.09;1.26;2.36;0.53;11.62
2024;328;12.87;16.15;9.9;11.09;90.25;7.22;1.57;3.35;0.37;7.56
2024;329;12.86;17.34;9.58;10.71;87.11;0.26;1.73;3.66;0.41;14.53
2024;330;12.89;18.06;7.4;10.8;86.99;0.0;1.68;3.61;0.59;15.8
2024;331;13.87;18.19;9.79;11.81;89.47;8.56;1.51;3.12;0.56;19.26
2024;332;13.97;18.24;9.79;11.99;90.6;8.66;1.52;2.93;0.49;19.19
2024;333;14.2;17.79;11.58;12.33;91.69;5.4;2.01;3.71;0.81;9.76
2024;334;13.4;17.4;10.11;11.29;88.63;0.53;1.81;3.69;0.48;10.33
2024;335;13.3;17.33;9.11;11.48;89.73;0.0;1.94;3.62;0.73;16.0
2024;336;14.37;18.72;9.89;12.5;91.09;0.01;1.86;3.51;0.5;14.45
2024;337;14.64;18.77;11.07;12.57;90.68;6.05;1.8;3.24;0.64;20.15
2024;338;14.39;19.36;10.2;11.68;85.93;1.27;1.33;2.54;0.51;17.59
2024;339;14.8;19.63;10.68;12.51;89.6;0.16;1.69;2.97;0.47;17.0
2024;340;14.76;19.12;11.38;12.21;88.09;0.03;1.48;2.56;0.59;16.46
2024;341;14.38;18.91;10.41;11.98;88.08;1.3;1.13;1.81;0.65;15.37
2024;342;13.25;17.51;10.5;10.79;86.06;0.1;1.18;2.14;0.42;17.98
2024;343;13.22;18.8;7.58;10.72;85.24;0.13;1.63;2.69;0.59;20.22
2024;344;13.19;17.77;9.51;10.94;87.46;0.0;1.99;3.48;0.79;18.8
2024;345;12.96;18.15;8.92;10.62;86.46;0.0;1.76;3.32;0.55;18.57
2024;346;13.92;19.66;7.8;11.14;84.95;0.02;1.05;1.86;0.37;21.63
2024;347;13.89;16.16;11.73;12.61;94.95;8.52;0.89;1.6;0.18;17.17
2024;348;14.05;17.45;11.15;12.21;91.48;3.36;0.63;1.46;0.24;15.81
2024;349;13.89;17.56;11.31;12.0;91.06;2.14;1.06;2.09;0.37;19.19
2024;350;14.17;18.28;11.0;11.9;88.73;0.01;1.09;1.86;0.4;14.64
2024;351;13.6;18.06;10.63;11.38;88.55;14.65;1.65;2.95;0.6;15.56
2024;352;13.5;17.52;10.79;11.78;91.85;6.13;1.83;3.93;0.65;9.88
2024;353;14.17;18.37;11.03;12.28;91.33;1.69;1.97;3.71;0.66;15.36
2024;354;14.21;18.22;10.52;12.35;91.84;1.55;1.51;2.82;0.61;17.94
2024;355;14.18;18.39;11.21;12.05;90.15;12.86;1.71;3.31;0.62;14.95
2024;356;14.06;17.52;11.85;11.98;90.27;5.11;1.53;3.2;0.51;8.93
2024;357;14.11;18.02;11.0;12.11;90.78;7.81;1.93;3.49;0.24;10.41
2024;358;13.63;17.59;11.4;11.35;87.95;2.7;1.75;3.65;0.22;12.37
2024;359;13.51;18.91;9.61;10.61;83.77;0.78;0.95;1.94;0.21;17.19
2024;360;13.84;19.15;10.36;10.85;83.66;0.42;1.44;2.69;0.55;15.67
2024;361;13.86;18.49;9.88;11.53;88.13;9.56;1.43;2.64;0.59;15.78
2024;362;14.2;17.8;11.63;12.29;91.53;23.07;1.26;2.23;0.54;15.2
2024;363;14.13;18.21;10.74;12.07;90.4;14.98;1.38;2.37;0.58;15.15
2024;364;13.79;16.14;12.32;12.44;94.79;8.02;1.02;1.71;0.41;19.34
2024;365;13.81;18.18;10.93;11.48;88.12;3.93;1.23;2.54;0.5;16.31
2024;366;13.11;18.24;9.02;10.85;86.98;0.31;1.35;2.57;0.54;21.6
2025;1;13.0;18.87;7.6;10.5;85.32;1.96;1.36;2.43;0.49;19.72
2025;2;13.63;17.66;10.2;11.59;89.49;13.92;1.39;2.55;0.51;14.02
2025;3;13.56;16.9;11.34;12.05;93.26;15.27;1.33;2.64;0.32;7.66
2025;4;13.6;17.2;10.7;11.84;91.42;7.43;1.44;2.6;0.25;12.1
2025;5;13.23;15.79;11.14;11.88;94.03;9.97;1.41;3.1;0.59;5.78
2025;6;12.69;15.97;10.02;11.32;92.84;2.0;1.57;3.07;0.52;14.96
2025;7;13.9;19.16;10.15;11.35;86.98;0.5;1.25;2.25;0.58;18.84
2025;8;13.34;18.66;9.18;10.98;86.94;0.28;1.31;2.6;0.46;19.2
2025;9;13.47;18.68;9.49;10.82;84.83;0.07;1.27;2.7;0.46;19.07
2025;10;13.43;18.69;9.67;10.64;84.02;0.01;1.58;2.98;0.48;19.66
2025;11;12.82;18.71;8.37;10.1;83.56;0.0;1.51;2.86;0.46;20.9
2025;12;11.74;18.58;6.46;8.43;76.41;0.0;1.58;3.33;0.49;24.36
2025;13;13.6;19.99;7.66;11.1;86.46;0.01;1.24;2.27;0.54;22.13
2025;14;12.86;19.61;6.73;9.41;78.71;0.0;1.16;2.31;0.45;24.31
2025;15;12.82;19.25;8.19;9.47;78.28;0.02;1.26;2.5;0.39;23.5
2025;16;12.78;19.52;6.53;9.68;80.7;0.0;1.14;1.99;0.54;21.62
2025;17;12.61;18.24;9.07;10.17;85.2;0.0;1.43;2.73;0.49;22.36
2025;18;11.5;18.25;4.95;9.38;84.25;0.01;1.73;3.27;0.63;24.0
2025;19;11.88;18.49;6.49;9.21;81.3;0.0;1.56;3.05;0.46;23.61
2025;20;12.26;18.67;6.07;10.14;86.07;0.0;1.43;2.71;0.49;20.88
2025;21;11.86;18.51;6.43;9.12;80.46;0.0;1.7;3.65;0.53;19.17
2025;22;11.08;18.09;5.04;7.82;74.11;0.0;1.85;3.77;0.55;23.34
2025;23;11.51;16.96;6.2;9.46;84.7;0.0;2.05;3.96;0.64;21.55
2025;24;12.82;17.46;9.08;10.91;89.16;1.57;1.68;3.38;0.58;11.21
2025;25;13.39;17.57;10.14;11.37;89.58;3.79;2.01;3.8;0.3;13.81
2025;26;12.54;17.34;9.37;10.26;85.55;4.57;2.29;4.04;1.19;19.23
2025;27;12.69;17.96;9.09;10.28;85.05;0.1;2.07;3.47;0.85;18.59
2025;28;13.36;18.41;9.29;11.21;88.41;0.0;2.08;4.14;0.67;14.06
2025;29;13.57;18.48;10.32;11.01;86.24;0.08;2.15;3.85;0.74;19.92
2025;30;13.14;17.64;9.42;11.15;89.12;1.38;2.18;4.15;0.5;15.13
2025;31;13.89;18.96;10.45;11.73;89.54;4.75;2.33;4.08;0.95;15.18
2025;32;13.28;17.43;9.26;10.53;86.05;1.1;0.84;1.83;0.19;20.67
2025;33;14.14;19.84;9.5;10.69;83.58;2.93;0.82;1.7;0.1;15.96
2025;34;13.63;17.23;11.04;11.11;88.55;2.8;0.9;1.68;0.21;18.03
2025;35;13.59;18.36;10.12;10.75;86.48;2.09;0.84;1.99;0.13;19.19
2025;36;13.87;19.0;10.14;10.87;85.94;2.49;0.85;1.83;0.18;18.88
2025;37;13.93;18.88;10.03;11.05;86.87;3.21;0.91;1.97;0.14;18.23
2025;38;13.64;18.64;9.92;10.9;87.28;2.73;0.87;1.92;0.15;15.98
2025;39;13.73;17.93;10.81;11.18;88.71;1.72;0.78;1.89;0.2;14.49
2025;40;14.43;18.5;11.51;11.63;88.12;10.96;0.66;1.43;0.14;14.26
2025;41;13.8;16.62;11.54;11.5;90.45;4.41;0.64;1.42;0.16;9.7
2025;42;13.7;16.54;11.46;11.38;90.0;7.0;0.7;1.46;0.17;12.97
2025;43;13.86;17.09;11.51;11.48;89.93;6.71;0.78;1.52;0.21;17.11
2025;44;13.94;17.03;11.14;11.36;88.86;7.04;0.69;1.24;0.2;15.79
2025;45;13.81;16.15;12.04;11.29;88.92;5.57;0.51;1.1;0.11;17.18
2025;46;14.02;17.24;11.97;11.55;89.58;7.54;0.55;1.16;0.12;16.91
2025;47;13.88;17.03;11.7;11.11;87.13;5.47;0.72;1.48;0.14;18.59
2025;48;13.66;16.65;11.21;11.08;88.05;3.31;0.65;1.4;0.02;15.88
2025;49;14.43;19.48;11.0;11.1;84.96;2.87;0.84;1.79;0.17;18.94
2025;50;14.53;19.31;11.55;11.32;85.82;3.72;0.82;2.02;0.14;20.86
2025;51;14.28;17.84;11.46;11.74;89.59;6.44;0.74;1.75;0.18;14.15
2025;52;14.59;18.54;11.47;11.73;88.19;5.51;0.83;1.85;0.21;13.82
2025;53;13.99;17.41;11.6;11.67;90.64;4.49;0.78;1.85;0.11;10.75
2025;54;14.16;17.81;11.08;11.61;89.54;4.1;0.77;1.76;0.13;-999.0
2025;55;-999.0;-999.0;-999.0;-999.0;-999.0;-999.0;-999.0;-999.0;-999.0;-999.0
2025;56;-999.0;-999.0;-999.0;-999.0;-999.0;-999.0;-999.0;-999.0;-999.0;-999.0
2025;57;-999.0;-999.0;-999.0;-999.0;-999.0;-999.0;-999.0;-999.0;-999.0;-999.0
